Fund,Source,Period,ExDate,Amount,ROC_Amount,ROC_Pct,Note
QQQI,Form 8937,FYE 2024-05-31,2024-02-21,0.5939,0.58344246,98.23917484,扫描件 PDF，人工对照图片转录
QQQI,Form 8937,FYE 2024-05-31,2024-03-20,0.6045,0.59385581,98.23917484,扫描件 PDF，人工对照图片转录
QQQI,Form 8937,FYE 2024-05-31,2024-04-24,0.5867,0.57636924,98.23917484,扫描件 PDF，人工对照图片转录
QQQI,Form 8937,FYE 2024-05-31,2024-05-22,0.6129,0.6021079,98.23917484,扫描件 PDF，人工对照图片转录
QQQI,Form 8937,FYE 2025-05-31,2024-06-26,0.6233,0.58872795,94.453385,https://neosfunds.com/wp-content/uploads/QQQI-Form-8937-5.31.25.pdf
QQQI,Form 8937,FYE 2025-05-31,2024-07-24,0.6186,0.58428865,94.453387,https://neosfunds.com/wp-content/uploads/QQQI-Form-8937-5.31.25.pdf
QQQI,Form 8937,FYE 2025-05-31,2024-08-21,0.6443,0.60856317,94.453387,https://neosfunds.com/wp-content/uploads/QQQI-Form-8937-5.31.25.pdf
QQQI,Form 8937,FYE 2025-05-31,2024-09-25,0.6022,0.56879829,94.453386,https://neosfunds.com/wp-content/uploads/QQQI-Form-8937-5.31.25.pdf
QQQI,Form 8937,FYE 2025-05-31,2024-10-23,0.6098,0.57597675,94.453386,https://neosfunds.com/wp-content/uploads/QQQI-Form-8937-5.31.25.pdf
QQQI,Form 8937,FYE 2025-05-31,2024-11-20,0.6116,0.57768,94.453891,https://neosfunds.com/wp-content/uploads/QQQI-Form-8937-5.31.25.pdf
QQQI,Form 8937,FYE 2025-05-31,2024-12-24,0.6216,0.58712,94.453024,https://neosfunds.com/wp-content/uploads/QQQI-Form-8937-5.31.25.pdf
QQQI,Form 8937,FYE 2025-05-31,2025-01-22,0.6241,0.61696137,98.856172,https://neosfunds.com/wp-content/uploads/QQQI-Form-8937-5.31.25.pdf
QQQI,Form 8937,FYE 2025-05-31,2025-02-26,0.6138,0.60677918,98.856172,https://neosfunds.com/wp-content/uploads/QQQI-Form-8937-5.31.25.pdf
QQQI,Form 8937,FYE 2025-05-31,2025-03-26,0.5867,0.57998916,98.856172,https://neosfunds.com/wp-content/uploads/QQQI-Form-8937-5.31.25.pdf
QQQI,Form 8937,FYE 2025-05-31,2025-04-23,0.5309,0.52482742,98.856172,https://neosfunds.com/wp-content/uploads/QQQI-Form-8937-5.31.25.pdf
QQQI,Form 8937,FYE 2025-05-31,2025-05-21,0.6374,0.63010924,98.856172,https://neosfunds.com/wp-content/uploads/QQQI-Form-8937-5.31.25.pdf
QQQI,Form 8937,FYE 2025-12-31,2025-06-25,0.6282,0.6256712,99.597453,https://neosfunds.com/wp-content/uploads/NEOS-Nasdaq-100-High-Income-ETF-Form-8937-12.31.25.pdf
QQQI,Form 8937,FYE 2025-12-31,2025-07-23,0.6366,0.63403738,99.597452,https://neosfunds.com/wp-content/uploads/NEOS-Nasdaq-100-High-Income-ETF-Form-8937-12.31.25.pdf
QQQI,Form 8937,FYE 2025-12-31,2025-08-20,0.6285,0.62596999,99.597453,https://neosfunds.com/wp-content/uploads/NEOS-Nasdaq-100-High-Income-ETF-Form-8937-12.31.25.pdf
QQQI,Form 8937,FYE 2025-12-31,2025-09-24,0.6411,0.63851927,99.597453,https://neosfunds.com/wp-content/uploads/NEOS-Nasdaq-100-High-Income-ETF-Form-8937-12.31.25.pdf
QQQI,Form 8937,FYE 2025-12-31,2025-10-22,0.6445,0.64190558,99.597452,https://neosfunds.com/wp-content/uploads/NEOS-Nasdaq-100-High-Income-ETF-Form-8937-12.31.25.pdf
QQQI,Form 8937,FYE 2025-12-31,2025-11-26,0.6304,0.62786234,99.597452,https://neosfunds.com/wp-content/uploads/NEOS-Nasdaq-100-High-Income-ETF-Form-8937-12.31.25.pdf
QQQI,Form 8937,FYE 2025-12-31,2025-12-24,0.64128519,0.63870371,99.597452,https://neosfunds.com/wp-content/uploads/NEOS-Nasdaq-100-High-Income-ETF-Form-8937-12.31.25.pdf
QYLD,Form 8937,FYE 2019-10-31,2019-01-23,0.2174,0.0321,14.79,https://assets.globalxetfs.com/funds/tax_supplements/QYLD_Form-8937_10312019.pdf
QYLD,Form 8937,FYE 2019-10-31,2019-02-20,0.185,0.0274,14.79,https://assets.globalxetfs.com/funds/tax_supplements/QYLD_Form-8937_10312019.pdf
QYLD,Form 8937,FYE 2019-10-31,2019-03-20,0.2035,0.0301,14.79,https://assets.globalxetfs.com/funds/tax_supplements/QYLD_Form-8937_10312019.pdf
QYLD,Form 8937,FYE 2019-10-31,2019-04-24,0.1789,0.0265,14.79,https://assets.globalxetfs.com/funds/tax_supplements/QYLD_Form-8937_10312019.pdf
QYLD,Form 8937,FYE 2019-10-31,2019-05-22,0.2114,0.0313,14.79,https://assets.globalxetfs.com/funds/tax_supplements/QYLD_Form-8937_10312019.pdf
QYLD,Form 8937,FYE 2019-10-31,2019-06-26,0.2153,0.0318,14.79,https://assets.globalxetfs.com/funds/tax_supplements/QYLD_Form-8937_10312019.pdf
QYLD,Form 8937,FYE 2019-10-31,2019-07-24,0.1711,0.0253,14.79,https://assets.globalxetfs.com/funds/tax_supplements/QYLD_Form-8937_10312019.pdf
QYLD,Form 8937,FYE 2019-10-31,2019-08-21,0.2273,0.0336,14.79,https://assets.globalxetfs.com/funds/tax_supplements/QYLD_Form-8937_10312019.pdf
QYLD,Form 8937,FYE 2019-10-31,2019-09-25,0.1754,0.0259,14.79,https://assets.globalxetfs.com/funds/tax_supplements/QYLD_Form-8937_10312019.pdf
QYLD,Form 8937,FYE 2019-10-31,2019-10-23,0.1769,0.0166,9.41,https://assets.globalxetfs.com/funds/tax_supplements/QYLD_Form-8937_10312019.pdf
QYLD,Form 8937,FYE 2020-10-31,2020-01-21,0.1989,0.1989,100.0,https://assets.globalxetfs.com/funds/tax_supplements/QYLD_Form-8937_10312020.pdf
QYLD,Form 8937,FYE 2020-10-31,2020-02-24,0.2377,0.2377,100.0,https://assets.globalxetfs.com/funds/tax_supplements/QYLD_Form-8937_10312020.pdf
QYLD,Form 8937,FYE 2020-10-31,2020-03-23,0.1806,0.1806,100.0,https://assets.globalxetfs.com/funds/tax_supplements/QYLD_Form-8937_10312020.pdf
QYLD,Form 8937,FYE 2020-10-31,2020-04-20,0.1986,0.1986,100.0,https://assets.globalxetfs.com/funds/tax_supplements/QYLD_Form-8937_10312020.pdf
QYLD,Form 8937,FYE 2020-10-31,2020-05-18,0.2042,0.2042,100.0,https://assets.globalxetfs.com/funds/tax_supplements/QYLD_Form-8937_10312020.pdf
QYLD,Form 8937,FYE 2020-10-31,2020-06-22,0.2092,0.2092,100.0,https://assets.globalxetfs.com/funds/tax_supplements/QYLD_Form-8937_10312020.pdf
QYLD,Form 8937,FYE 2020-10-31,2020-07-20,0.2143,0.2143,100.0,https://assets.globalxetfs.com/funds/tax_supplements/QYLD_Form-8937_10312020.pdf
QYLD,Form 8937,FYE 2020-10-31,2020-08-24,0.22,0.22,100.0,https://assets.globalxetfs.com/funds/tax_supplements/QYLD_Form-8937_10312020.pdf
QYLD,Form 8937,FYE 2020-10-31,2020-09-21,0.2119,0.2119,100.0,https://assets.globalxetfs.com/funds/tax_supplements/QYLD_Form-8937_10312020.pdf
QYLD,Form 8937,FYE 2020-10-31,2020-10-19,0.2167,0.2167,100.0,https://assets.globalxetfs.com/funds/tax_supplements/QYLD_Form-8937_10312020.pdf
QYLD,Form 8937,FYE 2022-10-31,2022-01-24,0.203,0.1945,95.79,https://assets.globalxetfs.com/funds/tax_supplements/QYLD_Form-8937_10312022.pdf
QYLD,Form 8937,FYE 2022-10-31,2022-02-22,0.202,0.1935,95.79,https://assets.globalxetfs.com/funds/tax_supplements/QYLD_Form-8937_10312022.pdf
QYLD,Form 8937,FYE 2022-10-31,2022-03-21,0.2097,0.2009,95.79,https://assets.globalxetfs.com/funds/tax_supplements/QYLD_Form-8937_10312022.pdf
QYLD,Form 8937,FYE 2022-10-31,2022-04-18,0.2051,0.1965,95.79,https://assets.globalxetfs.com/funds/tax_supplements/QYLD_Form-8937_10312022.pdf
QYLD,Form 8937,FYE 2022-10-31,2022-05-23,0.1785,0.171,95.79,https://assets.globalxetfs.com/funds/tax_supplements/QYLD_Form-8937_10312022.pdf
QYLD,Form 8937,FYE 2022-10-31,2022-06-21,0.1735,0.1662,95.79,https://assets.globalxetfs.com/funds/tax_supplements/QYLD_Form-8937_10312022.pdf
QYLD,Form 8937,FYE 2022-10-31,2022-07-18,0.1809,0.1733,95.79,https://assets.globalxetfs.com/funds/tax_supplements/QYLD_Form-8937_10312022.pdf
QYLD,Form 8937,FYE 2022-10-31,2022-08-22,0.1813,0.1737,95.79,https://assets.globalxetfs.com/funds/tax_supplements/QYLD_Form-8937_10312022.pdf
QYLD,Form 8937,FYE 2022-10-31,2022-09-19,0.1653,0.1583,95.79,https://assets.globalxetfs.com/funds/tax_supplements/QYLD_Form-8937_10312022.pdf
QYLD,Form 8937,FYE 2022-10-31,2022-10-24,0.1626,0.1558,95.79,https://assets.globalxetfs.com/funds/tax_supplements/QYLD_Form-8937_10312022.pdf
QYLD,Form 8937,FYE 2023-10-31,2023-01-23,0.1696,0.1696,100.0,https://assets.globalxetfs.com/funds/tax_supplements/QYLD_Form-8937_10312023.pdf
QYLD,年度1099补充表,日历年 2023,2023-01-23,0.1696,0.1696,100.0,https://assets-cms.globalxetfs.com/2023-Year-End-Tax-Supplement-Global-X-ETFs.pdf
QYLD,Form 8937,FYE 2023-10-31,2023-02-21,0.1673,0.1673,100.0,https://assets.globalxetfs.com/funds/tax_supplements/QYLD_Form-8937_10312023.pdf
QYLD,年度1099补充表,日历年 2023,2023-02-21,0.167347,0.167347,100.0,https://assets-cms.globalxetfs.com/2023-Year-End-Tax-Supplement-Global-X-ETFs.pdf
QYLD,Form 8937,FYE 2023-10-31,2023-03-20,0.169,0.169,100.0,https://assets.globalxetfs.com/funds/tax_supplements/QYLD_Form-8937_10312023.pdf
QYLD,年度1099补充表,日历年 2023,2023-03-20,0.16896,0.16896,100.0,https://assets-cms.globalxetfs.com/2023-Year-End-Tax-Supplement-Global-X-ETFs.pdf
QYLD,Form 8937,FYE 2023-10-31,2023-04-24,0.173,0.173,100.0,https://assets.globalxetfs.com/funds/tax_supplements/QYLD_Form-8937_10312023.pdf
QYLD,年度1099补充表,日历年 2023,2023-04-24,0.17301,0.17301,100.0,https://assets-cms.globalxetfs.com/2023-Year-End-Tax-Supplement-Global-X-ETFs.pdf
QYLD,Form 8937,FYE 2023-10-31,2023-05-22,0.1682,0.1682,100.0,https://assets.globalxetfs.com/funds/tax_supplements/QYLD_Form-8937_10312023.pdf
QYLD,年度1099补充表,日历年 2023,2023-05-22,0.1682,0.1682,100.0,https://assets-cms.globalxetfs.com/2023-Year-End-Tax-Supplement-Global-X-ETFs.pdf
QYLD,Form 8937,FYE 2023-10-31,2023-06-20,0.1768,0.1768,100.0,https://assets.globalxetfs.com/funds/tax_supplements/QYLD_Form-8937_10312023.pdf
QYLD,年度1099补充表,日历年 2023,2023-06-20,0.1768,0.1768,100.0,https://assets-cms.globalxetfs.com/2023-Year-End-Tax-Supplement-Global-X-ETFs.pdf
QYLD,Form 8937,FYE 2023-10-31,2023-07-24,0.1797,0.1797,100.0,https://assets.globalxetfs.com/funds/tax_supplements/QYLD_Form-8937_10312023.pdf
QYLD,年度1099补充表,日历年 2023,2023-07-24,0.1797,0.1797,100.0,https://assets-cms.globalxetfs.com/2023-Year-End-Tax-Supplement-Global-X-ETFs.pdf
QYLD,Form 8937,FYE 2023-10-31,2023-08-21,0.1731,0.1731,100.0,https://assets.globalxetfs.com/funds/tax_supplements/QYLD_Form-8937_10312023.pdf
QYLD,年度1099补充表,日历年 2023,2023-08-21,0.1731,0.1731,100.0,https://assets-cms.globalxetfs.com/2023-Year-End-Tax-Supplement-Global-X-ETFs.pdf
QYLD,Form 8937,FYE 2023-10-31,2023-09-18,0.1719,0.1719,100.0,https://assets.globalxetfs.com/funds/tax_supplements/QYLD_Form-8937_10312023.pdf
QYLD,年度1099补充表,日历年 2023,2023-09-18,0.171942,0.171942,100.0,https://assets-cms.globalxetfs.com/2023-Year-End-Tax-Supplement-Global-X-ETFs.pdf
QYLD,Form 8937,FYE 2023-10-31,2023-10-23,0.1668,0.1668,100.0,https://assets.globalxetfs.com/funds/tax_supplements/QYLD_Form-8937_10312023.pdf
QYLD,年度1099补充表,日历年 2023,2023-10-23,0.1668,0.1668,100.0,https://assets-cms.globalxetfs.com/2023-Year-End-Tax-Supplement-Global-X-ETFs.pdf
QYLD,年度1099补充表,日历年 2023,2023-11-20,0.1611,0.0,0.0,https://assets-cms.globalxetfs.com/2023-Year-End-Tax-Supplement-Global-X-ETFs.pdf
QYLD,年度1099补充表,日历年 2023,2023-12-28,0.1659,0.0,0.0,https://assets-cms.globalxetfs.com/2023-Year-End-Tax-Supplement-Global-X-ETFs.pdf
QYLD,年度1099补充表,日历年 2024,2024-01-22,0.179,0.0,0.0,https://assets-cms.globalxetfs.com/2024-Year-End-Tax-Supplement-Global-X-ETFs.pdf
QYLD,年度1099补充表,日历年 2024,2024-02-20,0.1772,0.0,0.0,https://assets-cms.globalxetfs.com/2024-Year-End-Tax-Supplement-Global-X-ETFs.pdf
QYLD,年度1099补充表,日历年 2024,2024-03-18,0.178,0.0,0.0,https://assets-cms.globalxetfs.com/2024-Year-End-Tax-Supplement-Global-X-ETFs.pdf
QYLD,年度1099补充表,日历年 2024,2024-04-22,0.1723,0.0,0.0,https://assets-cms.globalxetfs.com/2024-Year-End-Tax-Supplement-Global-X-ETFs.pdf
QYLD,年度1099补充表,日历年 2024,2024-05-20,0.1628,0.0,0.0,https://assets-cms.globalxetfs.com/2024-Year-End-Tax-Supplement-Global-X-ETFs.pdf
QYLD,年度1099补充表,日历年 2024,2024-06-24,0.1686,0.0,0.0,https://assets-cms.globalxetfs.com/2024-Year-End-Tax-Supplement-Global-X-ETFs.pdf
QYLD,年度1099补充表,日历年 2024,2024-07-22,0.1774,0.0,0.0,https://assets-cms.globalxetfs.com/2024-Year-End-Tax-Supplement-Global-X-ETFs.pdf
QYLD,年度1099补充表,日历年 2024,2024-08-19,0.1791,0.0,0.0,https://assets-cms.globalxetfs.com/2024-Year-End-Tax-Supplement-Global-X-ETFs.pdf
QYLD,年度1099补充表,日历年 2024,2024-09-23,0.1807,0.0,0.0,https://assets-cms.globalxetfs.com/2024-Year-End-Tax-Supplement-Global-X-ETFs.pdf
QYLD,年度1099补充表,日历年 2024,2024-10-21,0.1831,0.0,0.0,https://assets-cms.globalxetfs.com/2024-Year-End-Tax-Supplement-Global-X-ETFs.pdf
QYLD,年度1099补充表,日历年 2024,2024-11-18,0.1804,0.0,0.0,https://assets-cms.globalxetfs.com/2024-Year-End-Tax-Supplement-Global-X-ETFs.pdf
QYLD,年度1099补充表,日历年 2024,2024-12-30,0.33863,0.0,0.0,https://assets-cms.globalxetfs.com/2024-Year-End-Tax-Supplement-Global-X-ETFs.pdf
QYLD,Form 8937,FYE 2025-10-31,2025-01-21,0.1877,0.0299,15.91,https://assets.globalxetfs.com/funds/tax_supplements/QYLD_Form-8937_10312025.pdf
QYLD,年度1099补充表,日历年 2025,2025-01-21,0.1877,0.0,0.0,https://assets-cms.globalxetfs.com/2025-Year-End-Tax-Supplement-Global-X-ETFs.pdf
QYLD,Form 8937,FYE 2025-10-31,2025-02-24,0.165,0.0262,15.91,https://assets.globalxetfs.com/funds/tax_supplements/QYLD_Form-8937_10312025.pdf
QYLD,年度1099补充表,日历年 2025,2025-02-24,0.165,0.016947,10.2709,https://assets-cms.globalxetfs.com/2025-Year-End-Tax-Supplement-Global-X-ETFs.pdf
QYLD,Form 8937,FYE 2025-10-31,2025-03-24,0.1703,0.0271,15.91,https://assets.globalxetfs.com/funds/tax_supplements/QYLD_Form-8937_10312025.pdf
QYLD,年度1099补充表,日历年 2025,2025-03-24,0.1703,0.031833,18.6923,https://assets-cms.globalxetfs.com/2025-Year-End-Tax-Supplement-Global-X-ETFs.pdf
QYLD,Form 8937,FYE 2025-10-31,2025-04-21,0.1598,0.0254,15.91,https://assets.globalxetfs.com/funds/tax_supplements/QYLD_Form-8937_10312025.pdf
QYLD,年度1099补充表,日历年 2025,2025-04-21,0.1598,0.02987,18.6921,https://assets-cms.globalxetfs.com/2025-Year-End-Tax-Supplement-Global-X-ETFs.pdf
QYLD,Form 8937,FYE 2025-10-31,2025-05-19,0.165,0.0262,15.91,https://assets.globalxetfs.com/funds/tax_supplements/QYLD_Form-8937_10312025.pdf
QYLD,年度1099补充表,日历年 2025,2025-05-19,0.165,0.030842,18.6921,https://assets-cms.globalxetfs.com/2025-Year-End-Tax-Supplement-Global-X-ETFs.pdf
QYLD,Form 8937,FYE 2025-10-31,2025-06-23,0.1657,0.0264,15.91,https://assets.globalxetfs.com/funds/tax_supplements/QYLD_Form-8937_10312025.pdf
QYLD,年度1099补充表,日历年 2025,2025-06-23,0.1657,0.030973,18.6922,https://assets-cms.globalxetfs.com/2025-Year-End-Tax-Supplement-Global-X-ETFs.pdf
QYLD,Form 8937,FYE 2025-10-31,2025-07-21,0.1653,0.0263,15.91,https://assets.globalxetfs.com/funds/tax_supplements/QYLD_Form-8937_10312025.pdf
QYLD,年度1099补充表,日历年 2025,2025-07-21,0.1653,0.030898,18.6921,https://assets-cms.globalxetfs.com/2025-Year-End-Tax-Supplement-Global-X-ETFs.pdf
QYLD,Form 8937,FYE 2025-10-31,2025-08-18,0.1677,0.0267,15.91,https://assets.globalxetfs.com/funds/tax_supplements/QYLD_Form-8937_10312025.pdf
QYLD,年度1099补充表,日历年 2025,2025-08-18,0.1677,0.031347,18.6923,https://assets-cms.globalxetfs.com/2025-Year-End-Tax-Supplement-Global-X-ETFs.pdf
QYLD,Form 8937,FYE 2025-10-31,2025-09-22,0.1704,0.0271,15.91,https://assets.globalxetfs.com/funds/tax_supplements/QYLD_Form-8937_10312025.pdf
QYLD,年度1099补充表,日历年 2025,2025-09-22,0.1704,0.031852,18.6925,https://assets-cms.globalxetfs.com/2025-Year-End-Tax-Supplement-Global-X-ETFs.pdf
QYLD,Form 8937,FYE 2025-10-31,2025-10-20,0.1731,0.0275,15.91,https://assets.globalxetfs.com/funds/tax_supplements/QYLD_Form-8937_10312025.pdf
QYLD,年度1099补充表,日历年 2025,2025-10-20,0.1731,0.032356,18.6921,https://assets-cms.globalxetfs.com/2025-Year-End-Tax-Supplement-Global-X-ETFs.pdf
QYLD,年度1099补充表,日历年 2025,2025-11-24,0.1728,0.0,0.0,https://assets-cms.globalxetfs.com/2025-Year-End-Tax-Supplement-Global-X-ETFs.pdf
QYLD,年度1099补充表,日历年 2025,2025-12-22,0.1779,0.0,0.0,https://assets-cms.globalxetfs.com/2025-Year-End-Tax-Supplement-Global-X-ETFs.pdf
SPYI,Form 8937,FYE 2023-05-31,2022-09-21,0.4853,0.42121437,86.79463573,扫描件 PDF，人工对照图片转录
SPYI,Form 8937,FYE 2023-05-31,2022-10-26,0.4647,0.40333467,86.79463573,扫描件 PDF，人工对照图片转录
SPYI,Form 8937,FYE 2023-05-31,2022-11-23,0.4782,0.41505195,86.79463573,扫描件 PDF，人工对照图片转录
SPYI,Form 8937,FYE 2023-05-31,2022-12-23,0.461475,0.40053555,86.79463573,扫描件 PDF，人工对照图片转录
SPYI,Form 8937,FYE 2023-05-31,2023-01-25,0.4755,0.24557742,51.646145,扫描件 PDF，人工对照图片转录
SPYI,Form 8937,FYE 2023-05-31,2023-02-23,0.4716,0.24356322,51.646145,扫描件 PDF，人工对照图片转录
SPYI,Form 8937,FYE 2023-05-31,2023-03-22,0.466,0.24067104,51.646145,扫描件 PDF，人工对照图片转录
SPYI,Form 8937,FYE 2023-05-31,2023-04-26,0.4823,0.24908936,51.646145,扫描件 PDF，人工对照图片转录
SPYI,Form 8937,FYE 2023-05-31,2023-05-24,0.4865,0.2512585,51.646145,扫描件 PDF，人工对照图片转录
SPYI,Form 8937,FYE 2024-05-31,2023-06-22,0.4966,0.35772698,72.0352356,扫描件 PDF，人工对照图片转录
SPYI,Form 8937,FYE 2024-05-31,2023-07-26,0.5047,0.36356183,72.03523479,扫描件 PDF，人工对照图片转录
SPYI,Form 8937,FYE 2024-05-31,2023-08-23,0.4864,0.35037938,72.03523438,扫描件 PDF，人工对照图片转录
SPYI,Form 8937,FYE 2024-05-31,2023-09-20,0.4895,0.35261247,72.03523391,扫描件 PDF，人工对照图片转录
SPYI,Form 8937,FYE 2024-05-31,2023-10-25,0.465,0.33496384,72.03523441,扫描件 PDF，人工对照图片转录
SPYI,Form 8937,FYE 2024-05-31,2023-11-22,0.4783,0.34454453,72.03523521,扫描件 PDF，人工对照图片转录
SPYI,Form 8937,FYE 2024-05-31,2023-12-20,0.4849,0.3493,72.03547123,扫描件 PDF，人工对照图片转录
SPYI,Form 8937,FYE 2024-05-31,2024-01-24,0.4896,0.45814447,93.57525892,扫描件 PDF，人工对照图片转录
SPYI,Form 8937,FYE 2024-05-31,2024-02-21,0.4967,0.46478831,93.57525892,扫描件 PDF，人工对照图片转录
SPYI,Form 8937,FYE 2024-05-31,2024-03-20,0.5014,0.46918635,93.57525892,扫描件 PDF，人工对照图片转录
SPYI,Form 8937,FYE 2024-05-31,2024-04-24,0.4892,0.45777017,93.57525892,扫描件 PDF，人工对照图片转录
SPYI,Form 8937,FYE 2024-05-31,2024-05-22,0.4997,0.46759557,93.57525892,扫描件 PDF，人工对照图片转录
SPYI,Form 8937,FYE 2025-05-31,2024-06-26,0.5051,0.4754679,94.133419,https://neosfunds.com/wp-content/uploads/SPYI-Form-8937-5.31.25.pdf
SPYI,Form 8937,FYE 2025-05-31,2024-07-24,0.5088,0.47895084,94.13342,https://neosfunds.com/wp-content/uploads/SPYI-Form-8937-5.31.25.pdf
SPYI,Form 8937,FYE 2025-05-31,2024-08-21,0.5564,0.52375835,94.13342,https://neosfunds.com/wp-content/uploads/SPYI-Form-8937-5.31.25.pdf
SPYI,Form 8937,FYE 2025-05-31,2024-09-25,0.5147,0.48450471,94.133419,https://neosfunds.com/wp-content/uploads/SPYI-Form-8937-5.31.25.pdf
SPYI,Form 8937,FYE 2025-05-31,2024-10-23,0.5196,0.48911725,94.13342,https://neosfunds.com/wp-content/uploads/SPYI-Form-8937-5.31.25.pdf
SPYI,Form 8937,FYE 2025-05-31,2024-11-20,0.5206,0.49005858,94.133419,https://neosfunds.com/wp-content/uploads/SPYI-Form-8937-5.31.25.pdf
SPYI,Form 8937,FYE 2025-05-31,2024-12-24,0.5164,0.48610498,94.13342,https://neosfunds.com/wp-content/uploads/SPYI-Form-8937-5.31.25.pdf
SPYI,Form 8937,FYE 2025-05-31,2025-01-22,0.5167,0.48673819,94.201313,https://neosfunds.com/wp-content/uploads/SPYI-Form-8937-5.31.25.pdf
SPYI,Form 8937,FYE 2025-05-31,2025-02-26,0.5142,0.48438315,94.201313,https://neosfunds.com/wp-content/uploads/SPYI-Form-8937-5.31.25.pdf
SPYI,Form 8937,FYE 2025-05-31,2025-03-26,0.5065,0.47712965,94.201313,https://neosfunds.com/wp-content/uploads/SPYI-Form-8937-5.31.25.pdf
SPYI,Form 8937,FYE 2025-05-31,2025-04-23,0.4616,0.43483326,94.201313,https://neosfunds.com/wp-content/uploads/SPYI-Form-8937-5.31.25.pdf
SPYI,Form 8937,FYE 2025-05-31,2025-05-21,0.5063,0.47694125,94.201313,https://neosfunds.com/wp-content/uploads/SPYI-Form-8937-5.31.25.pdf
SPYI,Form 8937,FYE 2025-12-31,2025-06-25,0.5047,0.48085208,95.274833,https://neosfunds.com/wp-content/uploads/NEOS-SP-500-R-High-Income-ETF-Form-8937-12.31.25.pdf
SPYI,Form 8937,FYE 2025-12-31,2025-07-23,0.5112,0.48704495,95.274834,https://neosfunds.com/wp-content/uploads/NEOS-SP-500-R-High-Income-ETF-Form-8937-12.31.25.pdf
SPYI,Form 8937,FYE 2025-12-31,2025-08-20,0.5176,0.49314254,95.274834,https://neosfunds.com/wp-content/uploads/NEOS-SP-500-R-High-Income-ETF-Form-8937-12.31.25.pdf
SPYI,Form 8937,FYE 2025-12-31,2025-09-24,0.527,0.50209837,95.274833,https://neosfunds.com/wp-content/uploads/NEOS-SP-500-R-High-Income-ETF-Form-8937-12.31.25.pdf
SPYI,Form 8937,FYE 2025-12-31,2025-10-22,0.5268,0.50190782,95.274833,https://neosfunds.com/wp-content/uploads/NEOS-SP-500-R-High-Income-ETF-Form-8937-12.31.25.pdf
SPYI,Form 8937,FYE 2025-12-31,2025-11-26,0.5216,0.49695353,95.274833,https://neosfunds.com/wp-content/uploads/NEOS-SP-500-R-High-Income-ETF-Form-8937-12.31.25.pdf
SPYI,Form 8937,FYE 2025-12-31,2025-12-24,0.531626,0.50650578,95.274832,https://neosfunds.com/wp-content/uploads/NEOS-SP-500-R-High-Income-ETF-Form-8937-12.31.25.pdf
