Date,Open,High,Low,Close,Adj Close,Volume,Dividends,Stock Splits,Capital Gains
2024-01-30,50.0,50.029998779296875,49.779998779296875,49.83599853515625,34.082401275634766,5000,0.0,0.0,0.0
2024-01-31,49.470001220703125,49.470001220703125,49.138999938964844,49.138999938964844,33.6057243347168,19200,0.0,0.0,0.0
2024-02-01,49.38999938964844,49.61000061035156,49.27799987792969,49.54399871826172,33.88270950317383,11800,0.0,0.0,0.0
2024-02-02,53.70000076293945,53.70000076293945,49.689998626708984,50.15800094604492,34.302616119384766,53400,0.0,0.0,0.0
2024-02-05,50.369998931884766,50.369998931884766,49.95000076293945,50.14099884033203,34.290992736816406,25600,0.0,0.0,0.0
2024-02-06,50.650001525878906,50.650001525878906,49.858001708984375,50.0099983215332,34.20139694213867,20500,0.0,0.0,0.0
2024-02-07,50.540000915527344,50.599998474121094,50.242000579833984,50.599998474121094,34.60490798950195,44900,0.0,0.0,0.0
2024-02-08,50.689998626708984,50.689998626708984,50.47999954223633,50.52199935913086,34.55155944824219,7800,0.0,0.0,0.0
2024-02-09,50.93000030517578,50.959999084472656,50.61000061035156,50.959999084472656,34.851104736328125,21100,0.0,0.0,0.0
2024-02-12,51.130001068115234,51.130001068115234,50.70000076293945,51.060001373291016,34.91949462890625,15500,0.0,0.0,0.0
2024-02-13,50.310001373291016,51.130001068115234,49.974998474121094,51.130001068115234,34.967376708984375,40500,0.0,0.0,0.0
2024-02-14,50.72999954223633,50.72999954223633,50.29999923706055,50.63999938964844,34.63224792480469,29700,0.0,0.0,0.0
2024-02-15,50.77000045776367,50.77000045776367,50.54999923706055,50.66999816894531,34.652774810791016,8600,0.0,0.0,0.0
2024-02-16,50.84000015258789,50.84000015258789,50.41999816894531,50.41999816894531,34.48179626464844,18700,0.0,0.0,0.0
2024-02-20,50.31999969482422,50.31999969482422,49.86000061035156,50.119998931884766,34.27663040161133,17700,0.0,0.0,0.0
2024-02-21,49.47999954223633,49.47999954223633,49.18000030517578,49.400001525878906,34.18942642211914,16000,0.594,0.0,0.0
2024-02-22,50.470001220703125,50.56999969482422,50.20000076293945,50.54999923706055,34.9853401184082,21700,0.0,0.0,0.0
2024-02-23,50.7599983215332,50.7599983215332,50.45000076293945,50.540000915527344,34.97841262817383,30800,0.0,0.0,0.0
2024-02-26,50.599998474121094,50.68000030517578,50.487998962402344,50.5099983215332,34.957645416259766,53500,0.0,0.0,0.0
2024-02-27,50.619998931884766,50.650001525878906,50.43000030517578,50.619998931884766,35.033782958984375,21000,0.0,0.0,0.0
2024-02-28,50.529998779296875,50.529998779296875,50.34000015258789,50.41999816894531,34.89535903930664,28800,0.0,0.0,0.0
2024-02-29,50.66999816894531,50.810001373291016,50.52000045776367,50.79999923706055,35.15836715698242,21000,0.0,0.0,0.0
2024-03-01,50.79999923706055,51.31999969482422,50.79999923706055,51.279998779296875,35.49057388305664,27100,0.0,0.0,0.0
2024-03-04,51.33000183105469,51.400001525878906,51.150001525878906,51.15999984741211,35.407501220703125,56600,0.0,0.0,0.0
2024-03-05,51.0099983215332,51.04999923706055,50.332000732421875,50.4900016784668,34.94381332397461,41300,0.0,0.0,0.0
2024-03-06,50.97999954223633,51.0,50.65999984741211,50.7599983215332,35.130680084228516,29100,0.0,0.0,0.0
2024-03-07,51.040000915527344,51.369998931884766,50.97700119018555,51.29999923706055,35.50441360473633,27300,0.0,0.0,0.0
2024-03-08,52.060001373291016,52.060001373291016,50.70000076293945,50.79999923706055,35.15836715698242,28300,0.0,0.0,0.0
2024-03-11,50.72999954223633,50.95000076293945,50.439998626708984,50.630001068115234,35.040706634521484,75600,0.0,0.0,0.0
2024-03-12,50.91999816894531,51.257999420166016,50.630001068115234,51.2400016784668,35.4628791809082,47500,0.0,0.0,0.0
2024-03-13,51.20000076293945,51.20000076293945,50.849998474121094,50.970001220703125,35.27602005004883,59800,0.0,0.0,0.0
2024-03-14,51.11000061035156,51.11000061035156,50.630001068115234,50.81999969482422,35.172203063964844,35400,0.0,0.0,0.0
2024-03-15,50.66999816894531,50.959999084472656,50.25,50.400001525878906,34.88152313232422,90200,0.0,0.0,0.0
2024-03-18,51.08000183105469,51.130001068115234,50.79999923706055,50.84000015258789,35.18603515625,204500,0.0,0.0,0.0
2024-03-19,50.66999816894531,50.959999084472656,50.41899871826172,50.95000076293945,35.26218032836914,150200,0.0,0.0,0.0
2024-03-20,50.470001220703125,50.79999923706055,50.290000915527344,50.75,35.54584503173828,102900,0.605,0.0,0.0
2024-03-21,51.2599983215332,51.2599983215332,50.959999084472656,51.0099983215332,35.727943420410156,77000,0.0,0.0,0.0
2024-03-22,50.97999954223633,51.13999938964844,50.900001525878906,51.06999969482422,35.76996994018555,104300,0.0,0.0,0.0
2024-03-25,51.04999923706055,51.064998626708984,50.77000045776367,50.97999954223633,35.70692825317383,179300,0.0,0.0,0.0
2024-03-26,51.18000030517578,51.18000030517578,50.84299850463867,50.91999816894531,35.6649055480957,102300,0.0,0.0,0.0
2024-03-27,51.13999938964844,51.15999984741211,50.7599983215332,51.029998779296875,35.74195861816406,131300,0.0,0.0,0.0
2024-03-28,51.08000183105469,51.09000015258789,50.94499969482422,51.0099983215332,35.727943420410156,97500,0.0,0.0,0.0
2024-04-01,51.099998474121094,51.2859992980957,50.915000915527344,51.09000015258789,35.78398132324219,98900,0.0,0.0,0.0
2024-04-02,50.720001220703125,50.775001525878906,50.47999954223633,50.77000045776367,35.55984878540039,143900,0.0,0.0,0.0
2024-04-03,50.61000061035156,51.02000045776367,50.61000061035156,50.84000015258789,35.60887145996094,79300,0.0,0.0,0.0
2024-04-04,51.220001220703125,51.290000915527344,50.220001220703125,50.2400016784668,35.18862533569336,130700,0.0,0.0,0.0
2024-04-05,50.38999938964844,50.90999984741211,50.29999923706055,50.720001220703125,35.52482223510742,79600,0.0,0.0,0.0
2024-04-08,50.84000015258789,50.91999816894531,50.617000579833984,50.7599983215332,35.552833557128906,88500,0.0,0.0,0.0
2024-04-09,51.0,51.0099983215332,50.470001220703125,50.86000061035156,35.62287902832031,140100,0.0,0.0,0.0
2024-04-10,50.5,50.63999938964844,50.38999938964844,50.59000015258789,35.43377685546875,117000,0.0,0.0,0.0
2024-04-11,50.790000915527344,51.29999923706055,50.53300094604492,51.27000045776367,35.910057067871094,144300,0.0,0.0,0.0
2024-04-12,50.900001525878906,50.95000076293945,50.40999984741211,50.529998779296875,35.39175033569336,205900,0.0,0.0,0.0
2024-04-15,50.97999954223633,50.97999954223633,49.779998779296875,49.880001068115234,34.93648147583008,140300,0.0,0.0,0.0
2024-04-16,49.86000061035156,50.130001068115234,49.72999954223633,49.88999938964844,34.9434814453125,78400,0.0,0.0,0.0
2024-04-17,50.11000061035156,50.130001068115234,49.2400016784668,49.36000061035156,34.572261810302734,113000,0.0,0.0,0.0
2024-04-18,49.43000030517578,49.58000183105469,49.0,49.08000183105469,34.37615203857422,125800,0.0,0.0,0.0
2024-04-19,48.95000076293945,49.0,47.935001373291016,48.099998474121094,33.68974685668945,177600,0.0,0.0,0.0
2024-04-22,48.45000076293945,48.83000183105469,48.0099983215332,48.54999923706055,34.00493621826172,162500,0.0,0.0,0.0
2024-04-23,48.849998474121094,49.400001525878906,48.79999923706055,49.279998779296875,34.5162353515625,199700,0.0,0.0,0.0
2024-04-24,49.04999923706055,49.189998626708984,48.61000061035156,48.880001068115234,34.6487922668457,155500,0.587,0.0,0.0
2024-04-25,48.060001373291016,48.689998626708984,47.9010009765625,48.599998474121094,34.4503173828125,141700,0.0,0.0,0.0
2024-04-26,49.029998779296875,49.5099983215332,48.948001861572266,49.349998474121094,34.98195266723633,205000,0.0,0.0,0.0
2024-04-29,49.630001068115234,49.650001525878906,49.27000045776367,49.529998779296875,35.10953903198242,114400,0.0,0.0,0.0
2024-04-30,49.400001525878906,49.5,48.650001525878906,48.68000030517578,34.507022857666016,103400,0.0,0.0,0.0
2024-05-01,48.540000915527344,49.04999923706055,48.310001373291016,48.459999084472656,34.351070404052734,155000,0.0,0.0,0.0
2024-05-02,48.810001373291016,48.96900177001953,48.323001861572266,48.880001068115234,34.6487922668457,108200,0.0,0.0,0.0
2024-05-03,49.65999984741211,49.66999816894531,49.400001525878906,49.619998931884766,35.17333221435547,96100,0.0,0.0,0.0
2024-05-06,49.810001373291016,50.0,49.72999954223633,50.0,35.44270324707031,106900,0.0,0.0,0.0
2024-05-07,50.040000915527344,50.14799880981445,49.97999954223633,50.060001373291016,35.485233306884766,87800,0.0,0.0,0.0
2024-05-08,49.880001068115234,50.154998779296875,49.849998474121094,50.060001373291016,35.485233306884766,86200,0.0,0.0,0.0
2024-05-09,50.11000061035156,50.15999984741211,49.93199920654297,50.119998931884766,35.527767181396484,112800,0.0,0.0,0.0
2024-05-10,50.310001373291016,50.349998474121094,50.099998474121094,50.22999954223633,35.60573959350586,101100,0.0,0.0,0.0
2024-05-13,50.40999984741211,50.40999984741211,50.215999603271484,50.29999923706055,35.65536117553711,159600,0.0,0.0,0.0
2024-05-14,50.31999969482422,50.560001373291016,50.2599983215332,50.529998779296875,35.81840515136719,105700,0.0,0.0,0.0
2024-05-15,50.720001220703125,50.970001220703125,50.59000015258789,50.95000076293945,36.116119384765625,112500,0.0,0.0,0.0
2024-05-16,51.0099983215332,51.09000015258789,50.900001525878906,50.939998626708984,36.109031677246094,103400,0.0,0.0,0.0
2024-05-17,50.9900016784668,51.0,50.810001373291016,50.91999816894531,36.09485626220703,115200,0.0,0.0,0.0
2024-05-20,51.0,51.13999938964844,50.96500015258789,51.09000015258789,36.21535110473633,312500,0.0,0.0,0.0
2024-05-21,51.029998779296875,51.18000030517578,51.0,51.16999816894531,36.272064208984375,144300,0.0,0.0,0.0
2024-05-22,50.619998931884766,50.650001525878906,50.39099884033203,50.52000045776367,36.24551773071289,160000,0.613,0.0,0.0
2024-05-23,50.75,50.790000915527344,50.33000183105469,50.41999816894531,36.17377471923828,132500,0.0,0.0,0.0
2024-05-24,50.61000061035156,50.75,50.5,50.689998626708984,36.36750030517578,132700,0.0,0.0,0.0
2024-05-28,50.79999923706055,50.834999084472656,50.6349983215332,50.7599983215332,36.41770553588867,196500,0.0,0.0,0.0
2024-05-29,50.630001068115234,50.70000076293945,50.540000915527344,50.56999969482422,36.28139114379883,128500,0.0,0.0,0.0
2024-05-30,50.650001525878906,50.650001525878906,50.310001373291016,50.36000061035156,36.130733489990234,152100,0.0,0.0,0.0
2024-05-31,50.45000076293945,50.45500183105469,49.849998474121094,50.41999816894531,36.17377471923828,191900,0.0,0.0,0.0
2024-06-03,50.7400016784668,50.7400016784668,50.130001068115234,50.5,36.231170654296875,178300,0.0,0.0,0.0
2024-06-04,50.58000183105469,50.69900131225586,50.400001525878906,50.650001525878906,36.33879089355469,108200,0.0,0.0,0.0
2024-06-05,50.849998474121094,51.20000076293945,50.779998779296875,51.189998626708984,36.72621536254883,137500,0.0,0.0,0.0
2024-06-06,51.310001373291016,51.369998931884766,51.154998779296875,51.25,36.76925277709961,171100,0.0,0.0,0.0
2024-06-07,51.27000045776367,51.459999084472656,51.15999984741211,51.27000045776367,36.78361129760742,170200,0.0,0.0,0.0
2024-06-10,51.2400016784668,51.400001525878906,51.20000076293945,51.36000061035156,36.848182678222656,151500,0.0,0.0,0.0
2024-06-11,51.33000183105469,51.560001373291016,51.22999954223633,51.540000915527344,36.97732162475586,115200,0.0,0.0,0.0
2024-06-12,51.79999923706055,52.0,51.709999084472656,51.90999984741211,37.242774963378906,140300,0.0,0.0,0.0
2024-06-13,52.13999938964844,52.13999938964844,51.900001525878906,52.040000915527344,37.33604431152344,263600,0.0,0.0,0.0
2024-06-14,52.040000915527344,52.119998931884766,51.970001220703125,52.08000183105469,37.36474609375,146300,0.0,0.0,0.0
2024-06-17,52.15999984741211,52.428001403808594,52.08000183105469,52.36000061035156,37.56562423706055,193000,0.0,0.0,0.0
2024-06-18,52.400001525878906,52.400001525878906,52.27000045776367,52.34000015258789,37.55127716064453,231900,0.0,0.0,0.0
2024-06-20,52.5,52.5,52.099998474121094,52.209999084472656,37.4580078125,231100,0.0,0.0,0.0
2024-06-21,52.27000045776367,52.28900146484375,52.08000183105469,52.20000076293945,37.450836181640625,240700,0.0,0.0,0.0
2024-06-24,52.209999084472656,52.22999954223633,52.0,52.02000045776367,37.321693420410156,209300,0.0,0.0,0.0
2024-06-25,52.130001068115234,52.279998779296875,52.04999923706055,52.22999954223633,37.47236633300781,168400,0.0,0.0,0.0
2024-06-26,51.619998931884766,51.66999816894531,51.54999923706055,51.650001525878906,37.50358581542969,175700,0.623,0.0,0.0
2024-06-27,51.619998931884766,51.7400016784668,51.619998931884766,51.72999954223633,37.561676025390625,423400,0.0,0.0,0.0
2024-06-28,51.810001373291016,51.90999984741211,51.60900115966797,51.61000061035156,37.47453308105469,232300,0.0,0.0,0.0
2024-07-01,51.70000076293945,51.8489990234375,51.369998931884766,51.83000183105469,37.63427734375,176200,0.0,0.0,0.0
2024-07-02,51.810001373291016,52.22999954223633,51.733001708984375,52.209999084472656,37.91020202636719,261700,0.0,0.0,0.0
2024-07-03,52.220001220703125,52.4900016784668,52.209999084472656,52.4900016784668,38.1135139465332,149500,0.0,0.0,0.0
2024-07-05,52.61000061035156,52.869998931884766,52.529998779296875,52.810001373291016,38.34586715698242,219100,0.0,0.0,0.0
2024-07-08,52.970001220703125,52.970001220703125,52.779998779296875,52.900001525878906,38.41122055053711,250200,0.0,0.0,0.0
2024-07-09,52.9900016784668,53.04999923706055,52.834999084472656,52.90999984741211,38.418479919433594,257300,0.0,0.0,0.0
2024-07-10,53.099998474121094,53.25,52.970001220703125,53.25,38.66535949707031,136100,0.0,0.0,0.0
2024-07-11,53.29999923706055,53.29999923706055,52.50199890136719,52.61000061035156,38.20064163208008,296600,0.0,0.0,0.0
2024-07-12,52.650001525878906,53.099998474121094,52.62300109863281,52.790000915527344,38.33134841918945,223800,0.0,0.0,0.0
2024-07-15,53.0099983215332,53.16999816894531,52.77000045776367,52.88999938964844,38.40396499633789,202500,0.0,0.0,0.0
2024-07-16,53.029998779296875,53.040000915527344,52.72999954223633,52.95000076293945,38.4475212097168,189800,0.0,0.0,0.0
2024-07-17,52.52000045776367,52.560001373291016,51.880001068115234,51.95000076293945,37.72142028808594,329000,0.0,0.0,0.0
2024-07-18,52.25,52.27899932861328,51.45000076293945,51.709999084472656,37.547149658203125,207500,0.0,0.0,0.0
2024-07-19,51.83000183105469,51.88999938964844,51.25,51.34000015258789,37.27849197387695,126100,0.0,0.0,0.0
2024-07-22,51.79999923706055,52.0880012512207,51.599998474121094,52.0,37.757720947265625,228300,0.0,0.0,0.0
2024-07-23,52.04999923706055,52.15800094604492,51.81999969482422,51.849998474121094,37.648799896240234,238300,0.0,0.0,0.0
2024-07-24,50.779998779296875,50.779998779296875,49.599998474121094,49.65999984741211,36.49430847167969,296700,0.619,0.0,0.0
2024-07-25,49.709999084472656,50.09000015258789,48.89400100708008,49.11000061035156,36.090118408203125,276400,0.0,0.0,0.0
2024-07-26,49.59000015258789,49.88999938964844,49.32500076293945,49.61000061035156,36.45755386352539,177500,0.0,0.0,0.0
2024-07-29,49.970001220703125,50.06999969482422,49.51499938964844,49.77000045776367,36.57514572143555,119600,0.0,0.0,0.0
2024-07-30,49.97999954223633,49.97999954223633,48.76499938964844,49.130001068115234,36.10481262207031,184700,0.0,0.0,0.0
2024-07-31,50.119998931884766,50.619998931884766,50.0,50.470001220703125,37.08955764770508,186500,0.0,0.0,0.0
2024-08-01,50.56999969482422,50.83000183105469,49.099998474121094,49.439998626708984,36.3326301574707,153300,0.0,0.0,0.0
2024-08-02,48.7599983215332,48.810001373291016,47.970001220703125,48.400001525878906,35.56834411621094,361800,0.0,0.0,0.0
2024-08-05,45.650001525878906,47.72800064086914,45.650001525878906,47.0,34.53950881958008,460700,0.0,0.0,0.0
2024-08-06,47.08000183105469,48.279998779296875,47.0,47.54999923706055,34.943702697753906,226700,0.0,0.0,0.0
2024-08-07,48.31999969482422,48.505001068115234,47.0,47.040000915527344,34.568904876708984,349500,0.0,0.0,0.0
2024-08-08,47.72999954223633,48.47999954223633,47.41999816894531,48.36000061035156,35.53895568847656,255100,0.0,0.0,0.0
2024-08-09,48.33000183105469,48.83000183105469,48.18000030517578,48.689998626708984,35.78146743774414,122300,0.0,0.0,0.0
2024-08-12,48.70000076293945,49.04999923706055,48.5099983215332,48.75,35.825557708740234,164000,0.0,0.0,0.0
2024-08-13,49.13999938964844,49.85499954223633,49.13999938964844,49.84000015258789,36.6265869140625,228000,0.0,0.0,0.0
2024-08-14,49.97999954223633,50.08000183105469,49.5,49.939998626708984,36.70006561279297,143500,0.0,0.0,0.0
2024-08-15,50.529998779296875,50.96500015258789,50.40999984741211,50.90999984741211,37.41292190551758,128300,0.0,0.0,0.0
2024-08-16,50.869998931884766,51.11000061035156,50.7239990234375,50.9900016784668,37.47169876098633,112000,0.0,0.0,0.0
2024-08-19,51.119998931884766,51.54999923706055,50.900001525878906,51.54999923706055,37.88322448730469,256700,0.0,0.0,0.0
2024-08-20,51.540000915527344,51.689998626708984,51.31399917602539,51.5,37.84648513793945,217100,0.0,0.0,0.0
2024-08-21,50.93000030517578,51.119998931884766,50.75,51.029998779296875,37.975975036621094,239100,0.644,0.0,0.0
2024-08-22,51.220001220703125,51.220001220703125,50.290000915527344,50.33000183105469,37.455055236816406,229900,0.0,0.0,0.0
2024-08-23,50.810001373291016,51.07699966430664,50.40999984741211,50.869998931884766,37.85690689086914,158000,0.0,0.0,0.0
2024-08-26,50.90999984741211,50.90999984741211,50.275001525878906,50.459999084472656,37.55178451538086,169400,0.0,0.0,0.0
2024-08-27,50.380001068115234,50.689998626708984,50.150001525878906,50.61000061035156,37.663414001464844,172900,0.0,0.0,0.0
2024-08-28,50.599998474121094,50.650001525878906,49.83100128173828,50.150001525878906,37.32109451293945,130500,0.0,0.0,0.0
2024-08-29,50.290000915527344,50.77000045776367,50.0099983215332,50.11000061035156,37.291324615478516,135700,0.0,0.0,0.0
2024-08-30,50.56999969482422,50.72999954223633,50.15999984741211,50.72999954223633,37.75271224975586,100800,0.0,0.0,0.0
2024-09-03,50.459999084472656,50.540000915527344,49.25,49.439998626708984,36.79271697998047,234400,0.0,0.0,0.0
2024-09-04,49.220001220703125,49.689998626708984,49.11000061035156,49.400001525878906,36.76294708251953,151700,0.0,0.0,0.0
2024-09-05,49.27000045776367,49.7400016784668,49.130001068115234,49.36000061035156,36.73318862915039,141200,0.0,0.0,0.0
2024-09-06,49.400001525878906,49.40800094604492,48.189998626708984,48.279998779296875,35.92945861816406,287800,0.0,0.0,0.0
2024-09-09,48.709999084472656,48.900001525878906,48.349998474121094,48.79999923706055,36.31643295288086,145800,0.0,0.0,0.0
2024-09-10,49.029998779296875,49.21500015258789,48.6150016784668,49.16999816894531,36.5917854309082,86800,0.0,0.0,0.0
2024-09-11,49.290000915527344,50.119998931884766,48.52000045776367,50.099998474121094,37.28388595581055,130800,0.0,0.0,0.0
2024-09-12,50.15999984741211,50.52000045776367,49.95800018310547,50.43000030517578,37.52946090698242,130100,0.0,0.0,0.0
2024-09-13,50.470001220703125,50.7400016784668,50.40999984741211,50.66999816894531,37.70806884765625,178200,0.0,0.0,0.0
2024-09-16,50.47999954223633,50.560001373291016,50.22999954223633,50.529998779296875,37.6038932800293,152400,0.0,0.0,0.0
2024-09-17,50.779998779296875,50.82899856567383,50.400001525878906,50.540000915527344,37.61132049560547,155600,0.0,0.0,0.0
2024-09-18,50.66999816894531,51.08000183105469,50.380001068115234,50.41999816894531,37.52201461791992,318900,0.0,0.0,0.0
2024-09-19,51.2599983215332,51.529998779296875,51.099998474121094,51.380001068115234,38.2364387512207,382800,0.0,0.0,0.0
2024-09-20,51.36000061035156,51.439998626708984,51.018001556396484,51.34000015258789,38.20668411254883,223100,0.0,0.0,0.0
2024-09-23,51.43000030517578,51.54999923706055,51.37099838256836,51.5,38.32574462890625,313300,0.0,0.0,0.0
2024-09-24,51.630001068115234,51.709999084472656,51.29999923706055,51.63999938964844,38.4299430847168,360000,0.0,0.0,0.0
2024-09-25,51.029998779296875,51.20000076293945,51.02000045776367,51.099998474121094,38.47660827636719,224700,0.602,0.0,0.0
2024-09-26,51.54999923706055,51.54999923706055,51.08000183105469,51.33000183105469,38.649803161621094,258600,0.0,0.0,0.0
2024-09-27,51.38999938964844,51.400001525878906,51.11000061035156,51.22999954223633,38.574501037597656,176400,0.0,0.0,0.0
2024-09-30,51.060001373291016,51.33000183105469,50.92599868774414,51.33000183105469,38.649803161621094,245400,0.0,0.0,0.0
2024-10-01,51.33000183105469,51.33000183105469,50.4630012512207,50.779998779296875,38.23566436767578,176700,0.0,0.0,0.0
2024-10-02,50.720001220703125,51.0099983215332,50.5099983215332,50.900001525878906,38.326026916503906,113900,0.0,0.0,0.0
2024-10-03,50.72999954223633,51.11000061035156,50.650001525878906,50.869998931884766,38.303436279296875,153000,0.0,0.0,0.0
2024-10-04,51.25,51.369998931884766,50.93000030517578,51.36000061035156,38.672386169433594,185900,0.0,0.0,0.0
2024-10-07,51.20000076293945,51.25,50.810001373291016,50.869998931884766,38.303436279296875,175000,0.0,0.0,0.0
2024-10-08,51.060001373291016,51.5,51.02000045776367,51.5,38.777801513671875,184500,0.0,0.0,0.0
2024-10-09,51.380001068115234,51.7599983215332,51.369998931884766,51.7599983215332,38.97357177734375,139100,0.0,0.0,0.0
2024-10-10,51.63999938964844,51.83000183105469,51.52000045776367,51.7400016784668,38.95852279663086,139300,0.0,0.0,0.0
2024-10-11,51.61000061035156,51.88800048828125,51.56800079345703,51.81999969482422,39.01875305175781,142600,0.0,0.0,0.0
2024-10-14,51.95000076293945,52.17900085449219,51.946998596191406,52.130001068115234,39.25218200683594,203800,0.0,0.0,0.0
2024-10-15,52.150001525878906,52.189998626708984,51.53499984741211,51.650001525878906,38.890750885009766,263200,0.0,0.0,0.0
2024-10-16,51.720001220703125,51.77000045776367,51.43000030517578,51.7400016784668,38.95852279663086,179200,0.0,0.0,0.0
2024-10-17,52.040000915527344,52.09000015258789,51.77000045776367,51.790000915527344,38.99616622924805,177300,0.0,0.0,0.0
2024-10-18,52.040000915527344,52.117000579833984,51.9630012512207,52.06999969482422,39.20699691772461,248500,0.0,0.0,0.0
2024-10-21,52.0,52.18000030517578,51.810001373291016,52.11000061035156,39.23710632324219,352500,0.0,0.0,0.0
2024-10-22,51.939998626708984,52.25899887084961,51.880001068115234,52.189998626708984,39.29735565185547,402600,0.0,0.0,0.0
2024-10-23,51.45000076293945,51.459999084472656,50.7400016784668,51.0,38.85546875,311000,0.61,0.0,0.0
2024-10-24,51.29999923706055,51.380001068115234,51.099998474121094,51.33000183105469,39.10688400268555,219000,0.0,0.0,0.0
2024-10-25,51.56999969482422,51.869998931884766,51.47700119018555,51.540000915527344,39.266876220703125,202600,0.0,0.0,0.0
2024-10-28,51.75,51.849998474121094,51.560001373291016,51.59000015258789,39.304969787597656,186600,0.0,0.0,0.0
2024-10-29,51.560001373291016,51.95000076293945,51.4900016784668,51.900001525878906,39.54116439819336,149300,0.0,0.0,0.0
2024-10-30,51.880001068115234,51.92900085449219,51.6349983215332,51.68000030517578,39.373538970947266,144600,0.0,0.0,0.0
2024-10-31,51.400001525878906,51.400001525878906,50.709999084472656,50.720001220703125,38.64214324951172,217900,0.0,0.0,0.0
2024-11-01,50.88999938964844,51.25,50.849998474121094,50.97999954223633,38.84022903442383,162500,0.0,0.0,0.0
2024-11-04,51.0,51.14899826049805,50.709999084472656,50.939998626708984,38.80974578857422,170500,0.0,0.0,0.0
2024-11-05,51.02000045776367,51.46900177001953,51.02000045776367,51.41999816894531,39.175453186035156,93700,0.0,0.0,0.0
2024-11-06,52.06999969482422,52.45000076293945,52.0099983215332,52.400001525878906,39.92208480834961,448800,0.0,0.0,0.0
2024-11-07,52.65999984741211,52.95100021362305,52.61000061035156,52.91999816894531,40.318260192871094,221000,0.0,0.0,0.0
2024-11-08,52.91999816894531,53.040000915527344,52.900001525878906,52.9900016784668,40.37158966064453,221500,0.0,0.0,0.0
2024-11-11,53.099998474121094,53.099998474121094,52.84000015258789,52.97999954223633,40.363975524902344,296600,0.0,0.0,0.0
2024-11-12,52.97999954223633,53.04999923706055,52.7599983215332,52.959999084472656,40.34873580932617,176000,0.0,0.0,0.0
2024-11-13,52.9900016784668,53.11000061035156,52.8129997253418,52.959999084472656,40.34873580932617,163400,0.0,0.0,0.0
2024-11-14,53.0099983215332,53.04999923706055,52.779998779296875,52.81999969482422,40.242069244384766,189800,0.0,0.0,0.0
2024-11-15,52.540000915527344,52.560001373291016,51.86000061035156,52.02000045776367,39.632572174072266,362700,0.0,0.0,0.0
2024-11-18,52.099998474121094,52.43000030517578,52.029998779296875,52.27000045776367,39.82304382324219,399600,0.0,0.0,0.0
2024-11-19,52.040000915527344,52.52000045776367,52.040000915527344,52.4900016784668,39.99065399169922,259600,0.0,0.0,0.0
2024-11-20,51.88999938964844,51.900001525878906,51.38999938964844,51.83000183105469,39.953651428222656,415000,0.612,0.0,0.0
2024-11-21,51.93000030517578,52.08000183105469,51.470001220703125,51.9900016784668,40.076995849609375,290100,0.0,0.0,0.0
2024-11-22,51.95000076293945,52.11000061035156,51.89400100708008,52.08000183105469,40.14636993408203,253100,0.0,0.0,0.0
2024-11-25,52.279998779296875,52.40999984741211,52.02000045776367,52.18000030517578,40.22345733642578,256000,0.0,0.0,0.0
2024-11-26,52.31999969482422,52.380001068115234,52.099998474121094,52.349998474121094,40.3545036315918,261700,0.0,0.0,0.0
2024-11-27,52.29999923706055,52.29999923706055,51.95000076293945,52.15999984741211,40.208030700683594,152300,0.0,0.0,0.0
2024-11-29,52.18000030517578,52.470001220703125,52.15999984741211,52.470001220703125,40.4470100402832,135000,0.0,0.0,0.0
2024-12-02,52.5,52.900001525878906,52.5,52.86000061035156,40.74763870239258,294700,0.0,0.0,0.0
2024-12-03,52.79999923706055,53.0,52.70000076293945,53.0,40.855560302734375,225400,0.0,0.0,0.0
2024-12-04,53.20000076293945,53.400001525878906,53.13999938964844,53.400001525878906,41.163909912109375,291800,0.0,0.0,0.0
2024-12-05,53.439998626708984,53.446998596191406,53.279998779296875,53.29999923706055,41.086814880371094,273500,0.0,0.0,0.0
2024-12-06,53.400001525878906,53.709999084472656,53.375999450683594,53.599998474121094,41.31808090209961,164100,0.0,0.0,0.0
2024-12-09,53.58000183105469,53.59700012207031,53.290000915527344,53.349998474121094,41.125362396240234,195600,0.0,0.0,0.0
2024-12-10,53.529998779296875,53.560001373291016,53.189998626708984,53.27000045776367,41.063697814941406,203700,0.0,0.0,0.0
2024-12-11,53.56999969482422,53.869998931884766,53.560001373291016,53.84000015258789,41.503074645996094,260000,0.0,0.0,0.0
2024-12-12,53.77000045776367,53.808998107910156,53.619998931884766,53.66999816894531,41.37203598022461,224500,0.0,0.0,0.0
2024-12-13,53.900001525878906,54.03900146484375,53.68000030517578,53.900001525878906,41.549339294433594,170600,0.0,0.0,0.0
2024-12-16,54.0,54.275001525878906,53.869998931884766,54.220001220703125,41.7960090637207,325600,0.0,0.0,0.0
2024-12-17,54.25,54.25,54.0,54.08000183105469,41.68809127807617,336000,0.0,0.0,0.0
2024-12-18,54.09000015258789,54.17900085449219,52.814998626708984,52.939998626708984,40.80931091308594,485200,0.0,0.0,0.0
2024-12-19,53.22999954223633,53.319000244140625,52.7599983215332,52.810001373291016,40.7090950012207,566600,0.0,0.0,0.0
2024-12-20,52.5099983215332,53.560001373291016,52.43000030517578,53.16999816894531,40.986610412597656,363800,0.0,0.0,0.0
2024-12-23,53.33000183105469,53.66999816894531,53.07500076293945,53.66999816894531,41.37203598022461,392800,0.0,0.0,0.0
2024-12-24,53.220001220703125,53.56999969482422,53.150001525878906,53.56999969482422,41.77914810180664,188800,0.622,0.0,0.0
2024-12-26,53.540000915527344,53.64099884033203,53.33000183105469,53.54999923706055,41.76354217529297,359100,0.0,0.0,0.0
2024-12-27,53.45000076293945,53.47999954223633,52.79999923706055,53.150001525878906,41.45158767700195,249900,0.0,0.0,0.0
2024-12-30,52.630001068115234,52.95000076293945,52.349998474121094,52.709999084472656,41.108428955078125,486100,0.0,0.0,0.0
2024-12-31,52.810001373291016,52.880001068115234,52.279998779296875,52.369998931884766,40.84326934814453,251900,0.0,0.0,0.0
2025-01-02,52.599998474121094,52.77000045776367,51.939998626708984,52.279998779296875,40.7730827331543,365100,0.0,0.0,0.0
2025-01-03,52.47999954223633,53.029998779296875,52.45000076293945,52.959999084472656,41.303409576416016,278400,0.0,0.0,0.0
2025-01-06,53.349998474121094,53.599998474121094,53.20199966430664,53.349998474121094,41.60756301879883,435900,0.0,0.0,0.0
2025-01-07,53.5,53.540000915527344,52.529998779296875,52.70000076293945,41.10063552856445,286600,0.0,0.0,0.0
2025-01-08,52.70000076293945,52.808998107910156,52.349998474121094,52.720001220703125,41.11623764038086,224600,0.0,0.0,0.0
2025-01-10,52.529998779296875,52.529998779296875,51.77000045776367,52.119998931884766,40.648292541503906,402200,0.0,0.0,0.0
2025-01-13,51.59000015258789,52.0099983215332,51.41999816894531,51.97999954223633,40.53910446166992,320500,0.0,0.0,0.0
2025-01-14,52.34000015258789,52.34700012207031,51.65999984741211,51.91999816894531,40.49231719970703,250600,0.0,0.0,0.0
2025-01-15,52.61000061035156,53.04999923706055,52.54100036621094,52.959999084472656,41.303409576416016,227900,0.0,0.0,0.0
2025-01-16,53.16999816894531,53.23699951171875,52.685001373291016,52.70000076293945,41.10063552856445,229800,0.0,0.0,0.0
2025-01-17,53.470001220703125,53.47999954223633,53.15999984741211,53.369998931884766,41.623165130615234,347800,0.0,0.0,0.0
2025-01-21,53.65999984741211,53.70000076293945,53.25,53.619998931884766,41.81814193725586,747500,0.0,0.0,0.0
2025-01-22,53.34000015258789,53.54999923706055,53.26100158691406,53.45000076293945,42.176387786865234,509400,0.624,0.0,0.0
2025-01-23,53.27000045776367,53.540000915527344,53.25,53.529998779296875,42.23950958251953,283100,0.0,0.0,0.0
2025-01-24,53.61000061035156,53.61000061035156,53.22999954223633,53.349998474121094,42.09745788574219,324700,0.0,0.0,0.0
2025-01-27,52.0,52.5,51.849998474121094,52.18000030517578,41.174251556396484,702100,0.0,0.0,0.0
2025-01-28,52.38999938964844,52.90999984741211,52.0099983215332,52.83000183105469,41.68715286254883,446700,0.0,0.0,0.0
2025-01-29,52.95000076293945,52.95000076293945,52.41999816894531,52.75,41.624019622802734,226100,0.0,0.0,0.0
2025-01-30,52.900001525878906,53.150001525878906,52.590999603271484,52.95000076293945,41.78184509277344,289500,0.0,0.0,0.0
2025-01-31,53.2599983215332,53.529998779296875,52.790000915527344,52.91999816894531,41.75815963745117,269800,0.0,0.0,0.0
2025-02-03,52.25,52.79800033569336,51.965999603271484,52.58000183105469,41.48988342285156,389600,0.0,0.0,0.0
2025-02-04,52.65999984741211,53.130001068115234,52.599998474121094,53.11000061035156,41.90809631347656,445700,0.0,0.0,0.0
2025-02-05,52.970001220703125,53.290000915527344,52.81999969482422,53.290000915527344,42.05012893676758,427000,0.0,0.0,0.0
2025-02-06,53.34000015258789,53.529998779296875,53.22999954223633,53.529998779296875,42.23950958251953,349100,0.0,0.0,0.0
2025-02-07,53.56999969482422,53.720001220703125,52.97999954223633,53.060001373291016,41.8686408996582,470800,0.0,0.0,0.0
2025-02-10,53.470001220703125,53.61000061035156,53.31999969482422,53.560001373291016,42.26317596435547,467600,0.0,0.0,0.0
2025-02-11,53.33000183105469,53.590999603271484,53.310001373291016,53.470001220703125,42.192169189453125,320600,0.0,0.0,0.0
2025-02-12,53.099998474121094,53.560001373291016,53.02000045776367,53.529998779296875,42.23950958251953,350500,0.0,0.0,0.0
2025-02-13,53.689998626708984,54.060001373291016,53.573001861572266,54.060001373291016,42.65772247314453,348400,0.0,0.0,0.0
2025-02-14,54.11000061035156,54.25,54.03499984741211,54.220001220703125,42.783973693847656,326600,0.0,0.0,0.0
2025-02-18,54.41999816894531,54.43000030517578,54.119998931884766,54.31999969482422,42.86288833618164,668200,0.0,0.0,0.0
2025-02-19,54.29999923706055,54.470001220703125,54.150001525878906,54.400001525878906,42.92601013183594,476000,0.0,0.0,0.0
2025-02-20,54.36000061035156,54.38999938964844,53.900001525878906,54.2599983215332,42.81554412841797,540400,0.0,0.0,0.0
2025-02-21,54.41999816894531,54.439998626708984,53.409000396728516,53.439998626708984,42.168487548828125,812600,0.0,0.0,0.0
2025-02-24,53.63999938964844,53.650001525878906,52.91999816894531,52.970001220703125,41.7976188659668,953300,0.0,0.0,0.0
2025-02-25,52.849998474121094,52.888999938964844,52.029998779296875,52.400001525878906,41.34784698486328,507200,0.0,0.0,0.0
2025-02-26,52.0,52.32899856567383,51.58100128173828,51.88999938964844,41.43088912963867,575100,0.614,0.0,0.0
2025-02-27,52.220001220703125,52.279998779296875,50.5099983215332,50.59000015258789,40.392913818359375,609800,0.0,0.0,0.0
2025-02-28,50.56999969482422,51.33100128173828,50.20000076293945,51.310001373291016,40.96779251098633,596000,0.0,0.0,0.0
2025-03-03,51.560001373291016,51.66999816894531,50.125,50.41999816894531,40.25718307495117,609000,0.0,0.0,0.0
2025-03-04,50.06999969482422,50.95000076293945,49.560001373291016,50.33000183105469,40.185325622558594,738800,0.0,0.0,0.0
2025-03-05,50.40999984741211,50.970001220703125,49.91999816894531,50.86000061035156,40.60849380493164,455200,0.0,0.0,0.0
2025-03-06,50.150001525878906,50.529998779296875,49.459999084472656,49.65999984741211,39.65036392211914,508600,0.0,0.0,0.0
2025-03-07,49.619998931884766,50.10499954223633,48.970001220703125,50.029998779296875,39.94579315185547,742100,0.0,0.0,0.0
2025-03-10,49.27000045776367,49.310001373291016,47.875999450683594,48.310001373291016,38.572486877441406,933000,0.0,0.0,0.0
2025-03-11,48.29999923706055,48.808998107910156,47.709999084472656,48.189998626708984,38.47666549682617,592300,0.0,0.0,0.0
2025-03-12,48.90999984741211,49.040000915527344,48.20000076293945,48.72999954223633,38.9078254699707,466100,0.0,0.0,0.0
2025-03-13,48.689998626708984,48.689998626708984,47.689998626708984,47.849998474121094,38.20519256591797,483700,0.0,0.0,0.0
2025-03-14,48.41999816894531,49.03499984741211,48.290000915527344,48.9900016784668,39.115413665771484,502400,0.0,0.0,0.0
2025-03-17,48.959999084472656,49.56999969482422,48.801998138427734,49.279998779296875,39.34696578979492,670900,0.0,0.0,0.0
2025-03-18,49.0099983215332,49.0099983215332,48.290000915527344,48.5,38.724178314208984,530900,0.0,0.0,0.0
2025-03-19,48.709999084472656,49.52000045776367,48.529998779296875,49.119998931884766,39.219207763671875,563900,0.0,0.0,0.0
2025-03-20,48.75,49.46500015258789,48.680999755859375,48.970001220703125,39.099449157714844,719200,0.0,0.0,0.0
2025-03-21,48.47999954223633,49.16999816894531,48.34000015258789,49.13999938964844,39.23518371582031,563100,0.0,0.0,0.0
2025-03-24,49.849998474121094,50.198001861572266,49.779998779296875,50.13999938964844,40.033626556396484,820200,0.0,0.0,0.0
2025-03-25,50.20000076293945,50.41999816894531,50.11000061035156,50.400001525878906,40.2412109375,959200,0.0,0.0,0.0
2025-03-26,49.689998626708984,49.779998779296875,48.790000915527344,48.959999084472656,39.5521240234375,619900,0.587,0.0,0.0
2025-03-27,48.790000915527344,49.130001068115234,48.53200149536133,48.68000030517578,39.325923919677734,422000,0.0,0.0,0.0
2025-03-28,48.540000915527344,48.55699920654297,47.33000183105469,47.439998626708984,38.324195861816406,847100,0.0,0.0,0.0
2025-03-31,46.720001220703125,47.52000045776367,46.25,47.43000030517578,38.31611633300781,683200,0.0,0.0,0.0
2025-04-01,47.310001373291016,47.779998779296875,47.040000915527344,47.72999954223633,38.558467864990234,332100,0.0,0.0,0.0
2025-04-02,47.33000183105469,48.25,47.23899841308594,48.0099983215332,38.78466033935547,834500,0.0,0.0,0.0
2025-04-03,46.36000061035156,46.65999984741211,45.779998779296875,45.880001068115234,37.06395721435547,1181100,0.0,0.0,0.0
2025-04-04,44.619998931884766,44.83000183105469,43.18000030517578,43.220001220703125,34.91508483886719,1943400,0.0,0.0,0.0
2025-04-07,41.709999084472656,45.0,41.16999816894531,43.25,34.93931579589844,1980900,0.0,0.0,0.0
2025-04-08,44.709999084472656,45.13999938964844,41.93000030517578,42.5099983215332,34.341514587402344,1922600,0.0,0.0,0.0
2025-04-09,42.439998626708984,47.27000045776367,42.422000885009766,47.11000061035156,38.0576057434082,1667400,0.0,0.0,0.0
2025-04-10,46.060001373291016,46.178001403808594,44.060001373291016,45.349998474121094,36.635799407958984,1401300,0.0,0.0,0.0
2025-04-11,45.2599983215332,46.20000076293945,44.95500183105469,46.11000061035156,37.249759674072266,653400,0.0,0.0,0.0
2025-04-14,47.040000915527344,47.099998474121094,46.04999923706055,46.470001220703125,37.540592193603516,835900,0.0,0.0,0.0
2025-04-15,46.56999969482422,46.900001525878906,46.41999816894531,46.58000183105469,37.62944793701172,569500,0.0,0.0,0.0
2025-04-16,45.77000045776367,46.08000183105469,44.70000076293945,45.31999969482422,36.6115608215332,835800,0.0,0.0,0.0
2025-04-17,45.560001373291016,45.64799880981445,45.060001373291016,45.310001373291016,36.60348129272461,478400,0.0,0.0,0.0
2025-04-21,44.77000045776367,44.849998474121094,43.720001220703125,44.27000045776367,35.763328552246094,852600,0.0,0.0,0.0
2025-04-22,44.7400016784668,45.61000061035156,44.689998626708984,45.31999969482422,36.6115608215332,727500,0.0,0.0,0.0
2025-04-23,46.13999938964844,46.540000915527344,45.58700180053711,45.75,37.3971061706543,1100000,0.531,0.0,0.0
2025-04-24,45.91999816894531,46.90999984741211,45.900001525878906,46.88999938964844,38.32896423339844,568200,0.0,0.0,0.0
2025-04-25,46.900001525878906,47.400001525878906,46.72200012207031,47.349998474121094,38.70498275756836,650200,0.0,0.0,0.0
2025-04-28,47.41999816894531,47.560001373291016,46.83100128173828,47.400001525878906,38.745853424072266,519300,0.0,0.0,0.0
2025-04-29,47.189998626708984,47.72999954223633,47.14899826049805,47.630001068115234,38.9338493347168,429500,0.0,0.0,0.0
2025-04-30,46.93000030517578,47.79999923706055,46.53099822998047,47.650001525878906,38.95021438598633,559000,0.0,0.0,0.0
2025-05-01,48.25,48.540000915527344,48.055999755859375,48.11000061035156,39.32622528076172,602800,0.0,0.0,0.0
2025-05-02,48.540000915527344,48.849998474121094,48.404998779296875,48.720001220703125,39.82485580444336,665300,0.0,0.0,0.0
2025-05-05,48.369998931884766,48.7400016784668,48.369998931884766,48.52000045776367,39.66136932373047,592300,0.0,0.0,0.0
2025-05-06,48.0099983215332,48.46799850463867,47.939998626708984,48.18000030517578,39.38344192504883,774100,0.0,0.0,0.0
2025-05-07,48.22999954223633,48.52000045776367,47.82099914550781,48.349998474121094,39.522403717041016,842200,0.0,0.0,0.0
2025-05-08,48.72999954223633,49.03499984741211,48.40999984741211,48.709999084472656,39.816673278808594,842700,0.0,0.0,0.0
2025-05-09,48.88999938964844,48.96500015258789,48.57500076293945,48.720001220703125,39.82485580444336,1007200,0.0,0.0,0.0
2025-05-12,50.13999938964844,50.18899917602539,49.709999084472656,50.130001068115234,40.977420806884766,1221700,0.0,0.0,0.0
2025-05-13,50.2400016784668,50.720001220703125,50.20000076293945,50.619998931884766,41.377960205078125,1459700,0.0,0.0,0.0
2025-05-14,50.70000076293945,50.81999969482422,50.61000061035156,50.77000045776367,41.500579833984375,1344600,0.0,0.0,0.0
2025-05-15,50.68000030517578,50.9900016784668,50.56999969482422,50.84000015258789,41.55778884887695,1079700,0.0,0.0,0.0
2025-05-16,50.95000076293945,50.98899841308594,50.72999954223633,50.97999954223633,41.67223358154297,971700,0.0,0.0,0.0
2025-05-19,50.59000015258789,51.029998779296875,50.560001373291016,51.0,41.688575744628906,1693500,0.0,0.0,0.0
2025-05-20,50.888999938964844,50.959999084472656,50.709999084472656,50.90999984741211,41.6150016784668,1437100,0.0,0.0,0.0
2025-05-21,50.060001373291016,50.43299865722656,49.720001220703125,49.849998474121094,41.264854431152344,1206400,0.637,0.0,0.0
2025-05-22,49.90999984741211,50.130001068115234,49.779998779296875,49.90999984741211,41.31452560424805,1187300,0.0,0.0,0.0
2025-05-23,49.38999938964844,49.790000915527344,49.36000061035156,49.619998931884766,41.07447052001953,1321300,0.0,0.0,0.0
2025-05-27,50.08000183105469,50.41999816894531,49.9900016784668,50.38999938964844,41.711856842041016,1574400,0.0,0.0,0.0
2025-05-28,50.459999084472656,50.52000045776367,50.220001220703125,50.279998779296875,41.62079620361328,1076300,0.0,0.0,0.0
2025-05-29,50.66999816894531,50.66999816894531,50.18000030517578,50.36000061035156,41.68701934814453,1263000,0.0,0.0,0.0
2025-05-30,50.36000061035156,50.40999984741211,49.88999938964844,50.36000061035156,41.68701934814453,1106600,0.0,0.0,0.0
2025-06-02,50.209999084472656,50.61000061035156,50.06800079345703,50.59000015258789,41.87741470336914,1202600,0.0,0.0,0.0
2025-06-03,50.689998626708984,50.9900016784668,50.57899856567383,50.90999984741211,42.14230728149414,1370400,0.0,0.0,0.0
2025-06-04,50.97999954223633,51.06999969482422,50.81999969482422,51.02000045776367,42.233360290527344,1967400,0.0,0.0,0.0
2025-06-05,51.1150016784668,51.290000915527344,50.59000015258789,50.72999954223633,41.99330139160156,2151700,0.0,0.0,0.0
2025-06-06,51.13999938964844,51.2400016784668,51.005001068115234,51.119998931884766,42.31614303588867,1375800,0.0,0.0,0.0
2025-06-09,51.15999984741211,51.29999923706055,51.09000015258789,51.220001220703125,42.3989143371582,2443200,0.0,0.0,0.0
2025-06-10,51.255001068115234,51.47999954223633,51.099998474121094,51.45000076293945,42.58930969238281,1933400,0.0,0.0,0.0
2025-06-11,51.56999969482422,51.68000030517578,51.18000030517578,51.33000183105469,42.48997497558594,2237800,0.0,0.0,0.0
2025-06-12,51.279998779296875,51.47999954223633,51.244998931884766,51.41999816894531,42.564476013183594,1284600,0.0,0.0,0.0
2025-06-13,51.029998779296875,51.310001373291016,50.8849983215332,50.959999084472656,42.18368911743164,2014600,0.0,0.0,0.0
2025-06-16,51.279998779296875,51.56999969482422,51.279998779296875,51.5,42.630699157714844,1820800,0.0,0.0,0.0
2025-06-17,51.34000015258789,51.459999084472656,51.060001373291016,51.150001525878906,42.340972900390625,2715600,0.0,0.0,0.0
2025-06-18,51.220001220703125,51.40999984741211,51.06999969482422,51.20000076293945,42.38236618041992,1664400,0.0,0.0,0.0
2025-06-20,51.404998779296875,51.52000045776367,50.91999816894531,51.060001373291016,42.266475677490234,2946600,0.0,0.0,0.0
2025-06-23,51.13999938964844,51.5099983215332,50.900001525878906,51.4900016784668,42.62241744995117,2880000,0.0,0.0,0.0
2025-06-24,51.86000061035156,52.04999923706055,51.790000915527344,51.9900016784668,43.036312103271484,3397800,0.0,0.0,0.0
2025-06-25,51.540000915527344,51.560001373291016,51.349998474121094,51.45000076293945,43.110050201416016,2026300,0.628,0.0,0.0
2025-06-26,51.599998474121094,51.7400016784668,51.4900016784668,51.709999084472656,43.3278923034668,2108000,0.0,0.0,0.0
2025-06-27,51.779998779296875,51.900001525878906,51.630001068115234,51.81999969482422,43.42006301879883,2457500,0.0,0.0,0.0
2025-06-30,52.02000045776367,52.060001373291016,51.869998931884766,52.0099983215332,43.579261779785156,1823600,0.0,0.0,0.0
2025-07-01,51.845001220703125,51.90999984741211,51.459999084472656,51.650001525878906,43.277626037597656,2019000,0.0,0.0,0.0
2025-07-02,51.619998931884766,51.95000076293945,51.582000732421875,51.939998626708984,43.52061462402344,1838900,0.0,0.0,0.0
2025-07-03,52.11000061035156,52.380001068115234,52.11000061035156,52.31999969482422,43.839012145996094,1847600,0.0,0.0,0.0
2025-07-07,52.16999816894531,52.189998626708984,51.84400177001953,52.040000915527344,43.60440444946289,2799200,0.0,0.0,0.0
2025-07-08,52.15999984741211,52.224998474121094,52.0099983215332,52.119998931884766,43.67143630981445,1975400,0.0,0.0,0.0
2025-07-09,52.29999923706055,52.4900016784668,52.18000030517578,52.41999816894531,43.92280578613281,2128000,0.0,0.0,0.0
2025-07-10,52.47999954223633,52.487998962402344,52.17499923706055,52.380001068115234,43.8892936706543,2000700,0.0,0.0,0.0
2025-07-11,52.22999954223633,52.400001525878906,52.125,52.310001373291016,43.83063888549805,1539900,0.0,0.0,0.0
2025-07-14,52.31999969482422,52.5,52.099998474121094,52.45000076293945,43.94794464111328,2113900,0.0,0.0,0.0
2025-07-15,52.72999954223633,52.744998931884766,52.47999954223633,52.4900016784668,43.98146438598633,1848200,0.0,0.0,0.0
2025-07-16,52.470001220703125,52.599998474121094,52.095001220703125,52.560001373291016,44.04011535644531,2713500,0.0,0.0,0.0
2025-07-17,52.61000061035156,52.93000030517578,52.54999923706055,52.90999984741211,44.33336639404297,2005300,0.0,0.0,0.0
2025-07-18,53.0,53.0099983215332,52.77000045776367,52.880001068115234,44.30824279785156,2714900,0.0,0.0,0.0
2025-07-21,52.939998626708984,53.209999084472656,52.939998626708984,53.08000183105469,44.4758186340332,4041700,0.0,0.0,0.0
2025-07-22,53.09000015258789,53.11000061035156,52.691001892089844,52.90999984741211,44.33336639404297,4493600,0.0,0.0,0.0
2025-07-23,52.36000061035156,52.47999954223633,52.16999816894531,52.470001220703125,44.50045394897461,3007500,0.637,0.0,0.0
2025-07-24,52.58000183105469,52.630001068115234,52.45899963378906,52.560001373291016,44.57678985595703,2071400,0.0,0.0,0.0
2025-07-25,52.560001373291016,52.7400016784668,52.540000915527344,52.689998626708984,44.687034606933594,2438100,0.0,0.0,0.0
2025-07-28,52.79999923706055,52.86000061035156,52.73500061035156,52.83000183105469,44.80577850341797,2712700,0.0,0.0,0.0
2025-07-29,52.97999954223633,53.060001373291016,52.7400016784668,52.779998779296875,44.76337432861328,2134200,0.0,0.0,0.0
2025-07-30,52.849998474121094,52.974998474121094,52.630001068115234,52.84000015258789,44.81425094604492,2431500,0.0,0.0,0.0
2025-07-31,53.220001220703125,53.22999954223633,52.55099868774414,52.63999938964844,44.64463806152344,2392600,0.0,0.0,0.0
2025-08-01,52.189998626708984,52.189998626708984,51.58000183105469,51.779998779296875,43.91525650024414,4285600,0.0,0.0,0.0
2025-08-04,52.16999816894531,52.63999938964844,52.16999816894531,52.619998931884766,44.62767028808594,2984900,0.0,0.0,0.0
2025-08-05,52.720001220703125,52.79999923706055,52.28499984741211,52.33000183105469,44.38172149658203,2988600,0.0,0.0,0.0
2025-08-06,52.41999816894531,52.93000030517578,52.369998931884766,52.900001525878906,44.865142822265625,2960000,0.0,0.0,0.0
2025-08-07,53.20000076293945,53.310001373291016,52.72999954223633,53.02000045776367,44.9669189453125,2512000,0.0,0.0,0.0
2025-08-08,53.150001525878906,53.45000076293945,53.1150016784668,53.439998626708984,45.3231201171875,3220800,0.0,0.0,0.0
2025-08-11,53.470001220703125,53.60499954223633,53.255001068115234,53.31999969482422,45.22135543823242,3549200,0.0,0.0,0.0
2025-08-12,53.52000045776367,53.849998474121094,53.34000015258789,53.84000015258789,45.66237258911133,3630900,0.0,0.0,0.0
2025-08-13,54.040000915527344,54.060001373291016,53.790000915527344,53.88999938964844,45.70477294921875,3427200,0.0,0.0,0.0
2025-08-14,53.7599983215332,53.97999954223633,53.72600173950195,53.869998931884766,45.687808990478516,2213300,0.0,0.0,0.0
2025-08-15,53.91999816894531,53.91999816894531,53.599998474121094,53.709999084472656,45.55211639404297,3176000,0.0,0.0,0.0
2025-08-18,53.66999816894531,53.7599983215332,53.584999084472656,53.72999954223633,45.5690803527832,3677400,0.0,0.0,0.0
2025-08-19,53.689998626708984,53.70000076293945,53.11000061035156,53.18000030517578,45.10260772705078,5619000,0.0,0.0,0.0
2025-08-20,52.5099983215332,52.52000045776367,51.72999954223633,52.310001373291016,44.895774841308594,4646600,0.629,0.0,0.0
2025-08-21,52.20000076293945,52.349998474121094,51.915000915527344,52.099998474121094,44.71554183959961,2072100,0.0,0.0,0.0
2025-08-22,52.21500015258789,52.92100143432617,52.11000061035156,52.779998779296875,45.29916000366211,2962600,0.0,0.0,0.0
2025-08-25,52.70000076293945,52.900001525878906,52.59000015258789,52.689998626708984,45.22190856933594,2250200,0.0,0.0,0.0
2025-08-26,52.689998626708984,52.86800003051758,52.58000183105469,52.86000061035156,45.36781692504883,1955600,0.0,0.0,0.0
2025-08-27,52.790000915527344,52.970001220703125,52.70000076293945,52.90999984741211,45.41072082519531,2068300,0.0,0.0,0.0
2025-08-28,52.97999954223633,53.23500061035156,52.875999450683594,53.189998626708984,45.65103530883789,2419700,0.0,0.0,0.0
2025-08-29,53.08000183105469,53.09000015258789,52.61000061035156,52.72999954223633,45.256248474121094,2792200,0.0,0.0,0.0
2025-09-02,52.07500076293945,52.435001373291016,51.939998626708984,52.41999816894531,44.99018478393555,3863300,0.0,0.0,0.0
2025-09-03,52.68000030517578,52.84000015258789,52.505001068115234,52.7400016784668,45.26483154296875,2790400,0.0,0.0,0.0
2025-09-04,52.81999969482422,53.13999938964844,52.68000030517578,53.119998931884766,45.590965270996094,2847000,0.0,0.0,0.0
2025-09-05,53.47999954223633,53.47999954223633,52.84199905395508,53.18000030517578,45.6424560546875,3890900,0.0,0.0,0.0
2025-09-08,53.369998931884766,53.5,53.314998626708984,53.380001068115234,45.81411361694336,3245300,0.0,0.0,0.0
2025-09-09,53.47999954223633,53.540000915527344,53.27000045776367,53.5099983215332,45.92569351196289,2824900,0.0,0.0,0.0
2025-09-10,53.709999084472656,53.72999954223633,53.380001068115234,53.52000045776367,45.93427658081055,3864000,0.0,0.0,0.0
2025-09-11,53.720001220703125,53.790000915527344,53.58000183105469,53.75,46.13167190551758,2473500,0.0,0.0,0.0
2025-09-12,53.814998626708984,53.979000091552734,53.762001037597656,53.90999984741211,46.26899337768555,2891800,0.0,0.0,0.0
2025-09-15,54.0099983215332,54.18000030517578,54.005001068115234,54.18000030517578,46.500732421875,3062800,0.0,0.0,0.0
2025-09-16,54.22999954223633,54.2400016784668,54.10499954223633,54.150001525878906,46.47498321533203,2718300,0.0,0.0,0.0
2025-09-17,54.18000030517578,54.220001220703125,53.77399826049805,54.130001068115234,46.45780944824219,4626500,0.0,0.0,0.0
2025-09-18,54.41999816894531,54.540000915527344,54.28499984741211,54.43000030517578,46.71529769897461,4327900,0.0,0.0,0.0
2025-09-19,54.560001373291016,54.63999938964844,54.44599914550781,54.619998931884766,46.87836456298828,3329700,0.0,0.0,0.0
2025-09-22,54.619998931884766,54.81999969482422,54.584999084472656,54.79999923706055,47.03284454345703,4870700,0.0,0.0,0.0
2025-09-23,54.83000183105469,54.83000183105469,54.53499984741211,54.599998474121094,46.861202239990234,4481600,0.0,0.0,0.0
2025-09-24,54.040000915527344,54.060001373291016,53.709999084472656,53.880001068115234,46.79258728027344,3003600,0.641,0.0,0.0
2025-09-25,53.66999816894531,53.84000015258789,53.459999084472656,53.7400016784668,46.67101287841797,2897500,0.0,0.0,0.0
2025-09-26,53.84000015258789,53.95000076293945,53.63999938964844,53.91999816894531,46.827327728271484,3726300,0.0,0.0,0.0
2025-09-29,54.099998474121094,54.22999954223633,54.025001525878906,54.099998474121094,46.98365020751953,3586400,0.0,0.0,0.0
2025-09-30,54.099998474121094,54.20000076293945,53.97999954223633,54.20000076293945,47.070499420166016,3418700,0.0,0.0,0.0
2025-10-01,53.97999954223633,54.41999816894531,53.91999816894531,54.38999938964844,47.23550796508789,3240600,0.0,0.0,0.0
2025-10-02,54.63999938964844,54.63999938964844,54.354000091552734,54.54999923706055,47.37446212768555,4640900,0.0,0.0,0.0
2025-10-03,54.63999938964844,54.65999984741211,54.2599983215332,54.400001525878906,47.24419403076172,4825000,0.0,0.0,0.0
2025-10-06,54.7599983215332,54.79999923706055,54.599998474121094,54.709999084472656,47.51341247558594,4999900,0.0,0.0,0.0
2025-10-07,54.810001373291016,54.84000015258789,54.39500045776367,54.5,47.33103942871094,4759000,0.0,0.0,0.0
2025-10-08,54.56999969482422,54.9900016784668,54.56999969482422,54.97999954223633,47.74789047241211,3677900,0.0,0.0,0.0
2025-10-09,55.0099983215332,55.0099983215332,54.709999084472656,54.93000030517578,47.704471588134766,4049600,0.0,0.0,0.0
2025-10-10,55.0,55.099998474121094,53.36000061035156,53.400001525878906,46.37572479248047,10802400,0.0,0.0,0.0
2025-10-13,54.189998626708984,54.428001403808594,53.9900016784668,54.369998931884766,47.21813201904297,5173300,0.0,0.0,0.0
2025-10-14,53.91999816894531,54.400001525878906,53.45000076293945,54.06999969482422,46.95759582519531,6592400,0.0,0.0,0.0
2025-10-15,54.5,54.678001403808594,53.88999938964844,54.34000015258789,47.192081451416016,4427200,0.0,0.0,0.0
2025-10-16,54.59000015258789,54.7599983215332,53.810001373291016,54.119998931884766,47.00102233886719,5768300,0.0,0.0,0.0
2025-10-17,54.02000045776367,54.566001892089844,53.8849983215332,54.47999954223633,47.313663482666016,4516200,0.0,0.0,0.0
2025-10-20,54.73500061035156,55.150001525878906,54.720001220703125,55.06999969482422,47.82605743408203,4333000,0.0,0.0,0.0
2025-10-21,55.08000183105469,55.18000030517578,54.939998626708984,55.09000015258789,47.84342575073242,5207600,0.0,0.0,0.0
2025-10-22,54.41999816894531,54.459999084472656,53.630001068115234,54.06999969482422,47.51390075683594,6169600,0.645,0.0,0.0
2025-10-23,54.119998931884766,54.5,54.02399826049805,54.45000076293945,47.84782791137695,3558800,0.0,0.0,0.0
2025-10-24,54.79999923706055,54.93000030517578,54.7400016784668,54.849998474121094,48.199317932128906,4546400,0.0,0.0,0.0
2025-10-27,55.290000915527344,55.47100067138672,55.25,55.459999084472656,48.7353515625,4920700,0.0,0.0,0.0
2025-10-28,55.57500076293945,55.75,55.5,55.66999816894531,48.919898986816406,3008700,0.0,0.0,0.0
2025-10-29,55.79999923706055,55.84000015258789,55.51499938964844,55.779998779296875,49.01655578613281,4885000,0.0,0.0,0.0
2025-10-30,55.65999984741211,55.720001220703125,55.334999084472656,55.34000015258789,48.62990951538086,5741400,0.0,0.0,0.0
2025-10-31,55.779998779296875,55.779998779296875,55.36000061035156,55.52000045776367,48.7880859375,4171200,0.0,0.0,0.0
2025-11-03,55.88999938964844,55.93000030517578,55.52000045776367,55.70000076293945,48.94625473022461,3679000,0.0,0.0,0.0
2025-11-04,55.07500076293945,55.358001708984375,54.744998931884766,54.79999923706055,48.15538024902344,5484700,0.0,0.0,0.0
2025-11-05,54.779998779296875,55.369998931884766,54.65999984741211,55.13999938964844,48.454158782958984,3388200,0.0,0.0,0.0
2025-11-06,55.02000045776367,55.025001525878906,54.130001068115234,54.2400016784668,47.66328430175781,5207800,0.0,0.0,0.0
2025-11-07,53.95000076293945,54.119998931884766,53.189998626708984,54.099998474121094,47.54025650024414,6789900,0.0,0.0,0.0
2025-11-10,54.880001068115234,55.25,54.70000076293945,55.18000030517578,48.48931121826172,3566100,0.0,0.0,0.0
2025-11-11,54.9900016784668,55.15700149536133,54.77000045776367,55.06999969482422,48.39264678955078,3224100,0.0,0.0,0.0
2025-11-12,55.310001373291016,55.310001373291016,54.76499938964844,55.02000045776367,48.34870529174805,3327700,0.0,0.0,0.0
2025-11-13,54.77000045776367,54.79999923706055,53.84000015258789,54.0099983215332,47.4611701965332,4399700,0.0,0.0,0.0
2025-11-14,53.279998779296875,54.43000030517578,53.08000183105469,54.06999969482422,47.51390075683594,4307800,0.0,0.0,0.0
2025-11-17,53.900001525878906,54.380001068115234,53.34700012207031,53.63999938964844,47.13603591918945,4080900,0.0,0.0,0.0
2025-11-18,53.279998779296875,53.529998779296875,52.61000061035156,53.04999923706055,46.61757278442383,5442700,0.0,0.0,0.0
2025-11-19,53.119998931884766,53.88399887084961,52.91999816894531,53.36000061035156,46.889991760253906,4610800,0.0,0.0,0.0
2025-11-20,54.40999984741211,54.56999969482422,52.07500076293945,52.13999938964844,45.817909240722656,9421700,0.0,0.0,0.0
2025-11-21,52.29999923706055,53.130001068115234,51.720001220703125,52.54999923706055,46.17820358276367,6506400,0.0,0.0,0.0
2025-11-24,52.994998931884766,53.970001220703125,52.994998931884766,53.86000061035156,47.32935333251953,4090800,0.0,0.0,0.0
2025-11-25,53.724998474121094,54.2859992980957,53.19499969482422,54.18000030517578,47.610557556152344,6404200,0.0,0.0,0.0
2025-11-26,53.86000061035156,54.15800094604492,53.685001373291016,54.0099983215332,48.01953887939453,3268600,0.63,0.0,0.0
2025-11-28,54.119998931884766,54.41999816894531,54.099998474121094,54.41999816894531,48.38405990600586,3160300,0.0,0.0,0.0
2025-12-01,54.04999923706055,54.4379997253418,53.93000030517578,54.27000045776367,48.25070571899414,3264200,0.0,0.0,0.0
2025-12-02,54.45000076293945,54.720001220703125,54.29499816894531,54.61000061035156,48.55299377441406,3480100,0.0,0.0,0.0
2025-12-03,54.45000076293945,54.790000915527344,54.347999572753906,54.7400016784668,48.66857147216797,3336200,0.0,0.0,0.0
2025-12-04,54.83000183105469,54.83000183105469,54.4900016784668,54.720001220703125,48.65079116821289,2759300,0.0,0.0,0.0
2025-12-05,54.81999969482422,55.119998931884766,54.77000045776367,54.91999816894531,48.8286018371582,3194100,0.0,0.0,0.0
2025-12-08,55.01499938964844,55.130001068115234,54.65999984741211,54.83000183105469,48.74858856201172,3419600,0.0,0.0,0.0
2025-12-09,54.755001068115234,54.959999084472656,54.68000030517578,54.900001525878906,48.81082534790039,2899100,0.0,0.0,0.0
2025-12-10,54.810001373291016,55.215999603271484,54.630001068115234,55.099998474121094,48.98863983154297,3782600,0.0,0.0,0.0
2025-12-11,54.900001525878906,55.03499984741211,54.45000076293945,55.02000045776367,48.91751480102539,4448000,0.0,0.0,0.0
2025-12-12,54.779998779296875,54.904998779296875,53.97999954223633,54.189998626708984,48.1795768737793,5741800,0.0,0.0,0.0
2025-12-15,54.540000915527344,55.7400016784668,53.869998931884766,54.0,48.01064682006836,7962100,0.0,0.0,0.0
2025-12-16,53.84000015258789,54.22999954223633,53.694000244140625,54.099998474121094,48.099552154541016,3297400,0.0,0.0,0.0
2025-12-17,54.20000076293945,54.244998931884766,53.17499923706055,53.18000030517578,47.28160095214844,4404600,0.0,0.0,0.0
2025-12-18,53.95000076293945,54.20000076293945,53.720001220703125,53.900001525878906,47.9217414855957,3205200,0.0,0.0,0.0
2025-12-19,54.165000915527344,54.56999969482422,54.150001525878906,54.54999923706055,48.4996452331543,3535900,0.0,0.0,0.0
2025-12-22,54.97999954223633,54.97999954223633,54.68000030517578,54.79999923706055,48.72191619873047,5311100,0.0,0.0,0.0
2025-12-23,54.75,55.08000183105469,54.71500015258789,55.04999923706055,48.94419479370117,4913000,0.0,0.0,0.0
2025-12-24,54.41999816894531,54.564998626708984,54.369998931884766,54.54999923706055,49.07102584838867,2386800,0.641,0.0,0.0
2025-12-26,54.595001220703125,54.665000915527344,54.5,54.560001373291016,49.08002471923828,4094600,0.0,0.0,0.0
2025-12-29,54.27000045776367,54.46900177001953,54.17900085449219,54.36000061035156,48.90011215209961,3416300,0.0,0.0,0.0
2025-12-30,54.290000915527344,54.45000076293945,54.224998474121094,54.25,48.8011589050293,2497000,0.0,0.0,0.0
2025-12-31,54.279998779296875,54.290000915527344,53.82500076293945,53.86000061035156,48.450321197509766,3021500,0.0,0.0,0.0
2026-01-02,54.2400016784668,54.40999984741211,53.560001373291016,53.7599983215332,48.360374450683594,5139900,0.0,0.0,0.0
2026-01-05,54.16999816894531,54.25,54.0,54.06999969482422,48.63924026489258,4463500,0.0,0.0,0.0
2026-01-06,54.150001525878906,54.41999816894531,54.10499954223633,54.38999938964844,48.92709732055664,4001900,0.0,0.0,0.0
2026-01-07,54.369998931884766,54.68000030517578,54.345001220703125,54.41999816894531,48.954078674316406,3986600,0.0,0.0,0.0
2026-01-08,54.375,54.400001525878906,54.05500030517578,54.25,48.8011589050293,3380000,0.0,0.0,0.0
2026-01-09,54.31999969482422,54.720001220703125,54.16999816894531,54.63999938964844,49.15198516845703,3169900,0.0,0.0,0.0
2026-01-12,54.400001525878906,54.810001373291016,54.369998931884766,54.70000076293945,49.20596694946289,4917500,0.0,0.0,0.0
2026-01-13,54.720001220703125,54.845001220703125,54.494998931884766,54.650001525878906,49.16098403930664,4456500,0.0,0.0,0.0
2026-01-14,54.39500045776367,54.46500015258789,53.900001525878906,54.25,48.8011589050293,6715600,0.0,0.0,0.0
2026-01-15,54.689998626708984,54.75,54.34000015258789,54.38999938964844,48.92709732055664,4016100,0.0,0.0,0.0
2026-01-16,54.650001525878906,54.689998626708984,54.21500015258789,54.36000061035156,48.90011215209961,5111500,0.0,0.0,0.0
2026-01-20,53.595001220703125,53.95000076293945,53.32500076293945,53.400001525878906,48.036529541015625,10623300,0.0,0.0,0.0
2026-01-21,52.880001068115234,53.67499923706055,52.779998779296875,53.38999938964844,48.606441497802734,6336500,0.636,0.0,0.0
2026-01-22,53.810001373291016,53.83000183105469,53.51900100708008,53.72999954223633,48.91598129272461,3433200,0.0,0.0,0.0
2026-01-23,53.65999984741211,54.040000915527344,53.61000061035156,53.869998931884766,49.04344177246094,3883700,0.0,0.0,0.0
2026-01-26,53.900001525878906,54.20000076293945,53.84000015258789,54.06999969482422,49.225521087646484,4553300,0.0,0.0,0.0
2026-01-27,54.29999923706055,54.45000076293945,54.18000030517578,54.380001068115234,49.50774383544922,3754900,0.0,0.0,0.0
2026-01-28,54.599998474121094,54.67499923706055,54.4010009765625,54.5,49.61699295043945,5003200,0.0,0.0,0.0
2026-01-29,54.47999954223633,54.540000915527344,53.560001373291016,54.33000183105469,49.46222686767578,6059300,0.0,0.0,0.0
2026-01-30,54.130001068115234,54.2599983215332,53.67499923706055,53.83000183105469,49.007022857666016,5071400,0.0,0.0,0.0
2026-02-02,53.689998626708984,54.34000015258789,53.67499923706055,54.20000076293945,49.3438720703125,3979900,0.0,0.0,0.0
2026-02-03,54.34000015258789,54.349998474121094,53.08000183105469,53.5099983215332,48.71569061279297,7156300,0.0,0.0,0.0
2026-02-04,53.41999816894531,53.43000030517578,52.27000045776367,52.689998626708984,47.96916580200195,11972900,0.0,0.0,0.0
2026-02-05,52.2599983215332,52.61000061035156,51.83300018310547,52.02000045776367,47.359195709228516,10404500,0.0,0.0,0.0
2026-02-06,52.31999969482422,53.189998626708984,52.16999816894531,53.04999923706055,48.296905517578125,5823700,0.0,0.0,0.0
2026-02-09,52.91999816894531,53.59000015258789,52.70000076293945,53.439998626708984,48.6519660949707,4677900,0.0,0.0,0.0
2026-02-10,53.5,53.6349983215332,53.20500183105469,53.2400016784668,48.46988296508789,3915400,0.0,0.0,0.0
2026-02-11,53.599998474121094,53.685001373291016,52.94499969482422,53.36000061035156,48.57913589477539,5868800,0.0,0.0,0.0
2026-02-12,53.5099983215332,53.5629997253418,52.29100036621094,52.380001068115234,47.68693542480469,7225900,0.0,0.0,0.0
2026-02-13,52.369998931884766,52.849998474121094,52.040000915527344,52.47999954223633,47.777976989746094,7121500,0.0,0.0,0.0
2026-02-17,52.2400016784668,52.68000030517578,51.79999923706055,52.470001220703125,47.76887893676758,9616300,0.0,0.0,0.0
2026-02-18,51.93000030517578,52.54999923706055,51.82500076293945,52.25,48.13182067871094,5395900,0.614,0.0,0.0
2026-02-19,52.029998779296875,52.22999954223633,51.83000183105469,52.060001373291016,47.9567985534668,6018900,0.0,0.0,0.0
2026-02-20,51.790000915527344,52.59600067138672,51.720001220703125,52.47999954223633,48.34368896484375,13574700,0.0,0.0,0.0
2026-02-23,52.30500030517578,52.43000030517578,51.69499969482422,51.900001525878906,47.80940628051758,7582400,0.0,0.0,0.0
2026-02-24,51.970001220703125,52.52000045776367,51.76499938964844,52.43000030517578,48.297637939453125,5185900,0.0,0.0,0.0
2026-02-25,52.689998626708984,53.13999938964844,52.685001373291016,53.11000061035156,48.92403793334961,4231700,0.0,0.0,0.0
2026-02-26,53.04999923706055,53.06999969482422,52.119998931884766,52.56999969482422,48.426597595214844,4727200,0.0,0.0,0.0
2026-02-27,52.040000915527344,52.4900016784668,51.98500061035156,52.43000030517578,48.297637939453125,4743900,0.0,0.0,0.0
2026-03-02,51.790000915527344,52.59000015258789,51.720001220703125,52.459999084472656,48.32526779174805,7349300,0.0,0.0,0.0
2026-03-03,51.6349983215332,52.18000030517578,51.23500061035156,52.0099983215332,47.910736083984375,8213300,0.0,0.0,0.0
2026-03-04,52.189998626708984,52.79999923706055,52.13999938964844,52.630001068115234,48.481868743896484,4097500,0.0,0.0,0.0
2026-03-05,52.40999984741211,52.790000915527344,52.02000045776367,52.529998779296875,48.38975524902344,6146200,0.0,0.0,0.0
2026-03-06,51.869998931884766,52.290000915527344,51.709999084472656,51.81999969482422,47.7357063293457,4679300,0.0,0.0,0.0
2026-03-09,51.415000915527344,52.560001373291016,51.21200180053711,52.459999084472656,48.32526779174805,7302300,0.0,0.0,0.0
2026-03-10,52.470001220703125,52.869998931884766,52.310001373291016,52.439998626708984,48.306846618652344,5268800,0.0,0.0,0.0
2026-03-11,52.58000183105469,52.79499816894531,52.290000915527344,52.5,48.36211395263672,3908400,0.0,0.0,0.0
2026-03-12,52.150001525878906,52.22999954223633,51.70500183105469,51.7400016784668,47.66202163696289,6936600,0.0,0.0,0.0
2026-03-13,51.92499923706055,52.20500183105469,51.380001068115234,51.470001220703125,47.41330337524414,6482900,0.0,0.0,0.0
2026-03-16,51.970001220703125,52.29499816894531,51.91999816894531,52.040000915527344,47.93837356567383,5648600,0.0,0.0,0.0
2026-03-17,52.279998779296875,52.470001220703125,52.18000030517578,52.310001373291016,48.18709182739258,5803300,0.0,0.0,0.0
2026-03-18,51.54999923706055,51.66999816894531,51.0099983215332,51.029998779296875,47.56169509887695,5742100,0.609,0.0,0.0
2026-03-19,50.599998474121094,51.11000061035156,50.400001525878906,50.880001068115234,47.421897888183594,7843800,0.0,0.0,0.0
2026-03-20,50.77000045776367,50.77000045776367,49.709999084472656,50.0,46.60169982910156,7629700,0.0,0.0,0.0
2026-03-23,50.744998931884766,51.154998779296875,50.4010009765625,50.599998474121094,47.16092300415039,9394500,0.0,0.0,0.0
2026-03-24,50.310001373291016,50.58000183105469,50.09000015258789,50.25,46.83470916748047,4712200,0.0,0.0,0.0
2026-03-25,50.720001220703125,50.86000061035156,50.40999984741211,50.56999969482422,47.132965087890625,4189600,0.0,0.0,0.0
2026-03-26,50.150001525878906,50.310001373291016,49.3849983215332,49.41999816894531,46.061119079589844,6450000,0.0,0.0,0.0
2026-03-27,49.154998779296875,49.18000030517578,48.3849983215332,48.4900016784668,45.194332122802734,7996900,0.0,0.0,0.0
2026-03-30,48.849998474121094,48.93000030517578,47.869998931884766,48.119998931884766,44.8494758605957,6389100,0.0,0.0,0.0
2026-03-31,48.63999938964844,49.834999084472656,48.6150016784668,49.689998626708984,46.31277084350586,6826000,0.0,0.0,0.0
2026-04-01,50.08000183105469,50.439998626708984,49.948001861572266,50.189998626708984,46.778785705566406,5035700,0.0,0.0,0.0
2026-04-02,49.4900016784668,50.29999923706055,49.31999969482422,50.2599983215332,46.844032287597656,5066600,0.0,0.0,0.0
2026-04-06,50.400001525878906,50.63999938964844,50.27000045776367,50.52000045776367,47.08635711669922,4833100,0.0,0.0,0.0
2026-04-07,50.31999969482422,50.52000045776367,49.803001403808594,50.5099983215332,47.0770378112793,5102800,0.0,0.0,0.0
2026-04-08,51.790000915527344,51.869998931884766,51.3849983215332,51.599998474121094,48.09295654296875,6351100,0.0,0.0,0.0
2026-04-09,51.6150016784668,51.91999816894531,51.459999084472656,51.900001525878906,48.3725700378418,4046300,0.0,0.0,0.0
2026-04-10,52.02000045776367,52.11000061035156,51.861000061035156,51.939998626708984,48.40985107421875,3645300,0.0,0.0,0.0
2026-04-13,51.900001525878906,52.36000061035156,51.80500030517578,52.33000183105469,48.773345947265625,7206900,0.0,0.0,0.0
2026-04-14,52.56999969482422,52.915000915527344,52.52000045776367,52.900001525878906,49.30459976196289,6491500,0.0,0.0,0.0
2026-04-15,52.95000076293945,53.3650016784668,52.90999984741211,53.33000183105469,49.70537567138672,8160600,0.0,0.0,0.0
2026-04-16,53.44499969482422,53.56999969482422,53.22999954223633,53.4900016784668,49.8545036315918,5893300,0.0,0.0,0.0
2026-04-17,53.779998779296875,53.959999084472656,53.68000030517578,53.88999938964844,50.22731399536133,9390400,0.0,0.0,0.0
2026-04-20,53.869998931884766,53.90999984741211,53.60499954223633,53.810001373291016,50.15275192260742,7224600,0.0,0.0,0.0
2026-04-21,53.900001525878906,53.98500061035156,53.59000015258789,53.68000030517578,50.03158950805664,7768500,0.0,0.0,0.0
2026-04-22,53.400001525878906,53.57500076293945,53.275001525878906,53.56999969482422,50.522003173828125,5444000,0.63,0.0,0.0
2026-04-23,53.470001220703125,53.63999938964844,53.095001220703125,53.40999984741211,50.37110900878906,6458100,0.0,0.0,0.0
2026-04-24,53.7599983215332,53.9900016784668,53.625,53.959999084472656,50.88981246948242,8672200,0.0,0.0,0.0
2026-04-27,53.94499969482422,53.9900016784668,53.81999969482422,53.970001220703125,50.89924621582031,5467800,0.0,0.0,0.0
2026-04-28,53.66999816894531,53.779998779296875,53.525001525878906,53.70000076293945,50.64460754394531,5256700,0.0,0.0,0.0
2026-04-29,53.7599983215332,53.8849983215332,53.650001525878906,53.86000061035156,50.79549789428711,5253000,0.0,0.0,0.0
2026-04-30,54.060001373291016,54.220001220703125,53.720001220703125,54.150001525878906,51.06900405883789,5867500,0.0,0.0,0.0
2026-05-01,54.279998779296875,54.67499923706055,54.26499938964844,54.560001373291016,51.45567321777344,5203500,0.0,0.0,0.0
2026-05-04,54.599998474121094,54.75,54.231998443603516,54.5099983215332,51.40851593017578,6856800,0.0,0.0,0.0
2026-05-05,54.849998474121094,55.08000183105469,54.80500030517578,54.9900016784668,51.861209869384766,5156600,0.0,0.0,0.0
2026-05-06,55.349998474121094,55.75,55.28499984741211,55.720001220703125,52.54967498779297,6053900,0.0,0.0,0.0
2026-05-07,55.79999923706055,56.02000045776367,55.540000915527344,55.709999084472656,52.54024124145508,6689500,0.0,0.0,0.0
2026-05-08,55.98500061035156,56.5,55.970001220703125,56.5,53.28529357910156,5244400,0.0,0.0,0.0
2026-05-11,56.470001220703125,56.66999816894531,56.400001525878906,56.59000015258789,53.37017059326172,5018100,0.0,0.0,0.0
2026-05-12,56.400001525878906,56.459999084472656,55.779998779296875,56.31999969482422,53.11553192138672,7276500,0.0,0.0,0.0
2026-05-13,56.470001220703125,56.7599983215332,56.19499969482422,56.65999984741211,53.43619155883789,4475600,0.0,0.0,0.0
2026-05-14,56.689998626708984,57.005001068115234,56.654998779296875,56.93000030517578,53.690826416015625,4394800,0.0,0.0,0.0
2026-05-15,56.43000030517578,56.70000076293945,56.2400016784668,56.40999984741211,53.20041275024414,7214000,0.0,0.0,0.0
2026-05-18,56.56999969482422,56.58000183105469,55.974998474121094,56.34000015258789,53.134395599365234,10583200,0.0,0.0,0.0
2026-05-19,56.04999923706055,56.3849983215332,55.814998626708984,56.13999938964844,52.94577407836914,7819300,0.0,0.0,0.0
2026-05-20,55.70000076293945,56.060001373291016,55.59000015258789,56.040000915527344,53.47922897338867,6332200,0.659,0.0,0.0
2026-05-21,55.81999969482422,56.244998931884766,55.77899932861328,56.13999938964844,53.57466125488281,6391600,0.0,0.0,0.0
2026-05-22,56.314998626708984,56.5099983215332,56.23500061035156,56.29999923706055,53.72735595703125,7498300,0.0,0.0,0.0
2026-05-26,56.70000076293945,56.88999938964844,56.619998931884766,56.849998474121094,54.252220153808594,6779000,0.0,0.0,0.0
2026-05-27,56.98500061035156,57.0,56.665000915527344,56.849998474121094,54.252220153808594,6155000,0.0,0.0,0.0
2026-05-28,56.86000061035156,57.150001525878906,56.72999954223633,57.09000015258789,54.48125457763672,4130900,0.0,0.0,0.0
2026-05-29,57.20000076293945,57.349998474121094,57.099998474121094,57.220001220703125,54.60531234741211,4072100,0.0,0.0,0.0
2026-06-01,57.20000076293945,57.65999984741211,57.084999084472656,57.470001220703125,54.84389114379883,6112700,0.0,0.0,0.0
2026-06-02,57.47999954223633,57.709999084472656,57.28499984741211,57.689998626708984,55.0538330078125,4652700,0.0,0.0,0.0
2026-06-03,57.77000045776367,57.84000015258789,57.380001068115234,57.59000015258789,54.958404541015625,6255500,0.0,0.0,0.0
2026-06-04,57.040000915527344,57.56999969482422,56.904998779296875,57.38999938964844,54.767547607421875,4921600,0.0,0.0,0.0
2026-06-05,56.7599983215332,56.849998474121094,54.93000030517578,55.11000061035156,52.59172821044922,11951300,0.0,0.0,0.0
2026-06-08,55.88999938964844,56.279998779296875,55.599998474121094,55.810001373291016,53.25974655151367,6354500,0.0,0.0,0.0
2026-06-09,56.279998779296875,56.470001220703125,53.6349983215332,55.220001220703125,52.69670486450195,14287500,0.0,0.0,0.0
2026-06-10,54.7400016784668,55.43000030517578,54.099998474121094,54.18000030517578,51.7042236328125,7677900,0.0,0.0,0.0
2026-06-11,54.560001373291016,55.8849983215332,54.25,55.75,53.202484130859375,10655500,0.0,0.0,0.0
2026-06-12,55.86000061035156,56.279998779296875,55.404998779296875,56.13999938964844,53.57466125488281,7436000,0.0,0.0,0.0
2026-06-15,57.27000045776367,57.709999084472656,57.22999954223633,57.63999938964844,55.00612258911133,8292900,0.0,0.0,0.0
2026-06-16,56.90999984741211,57.040000915527344,56.119998931884766,56.150001525878906,54.20201873779297,6930300,0.657,0.0,0.0
2026-06-17,56.47999954223633,56.505001068115234,55.51499938964844,55.650001525878906,53.71936798095703,6974900,0.0,0.0,0.0
2026-06-18,56.630001068115234,56.900001525878906,56.314998626708984,56.75,54.78120040893555,5682000,0.0,0.0,0.0
2026-06-22,57.0,57.25,56.55500030517578,56.77000045776367,54.80051040649414,6685700,0.0,0.0,0.0
2026-06-23,55.22200012207031,55.81999969482422,54.994998931884766,55.13999938964844,53.22705841064453,7996000,0.0,0.0,0.0
2026-06-24,55.2599983215332,55.59700012207031,54.4900016784668,54.939998626708984,53.03399658203125,5815700,0.0,0.0,0.0
2026-06-25,56.04999923706055,56.084999084472656,54.560001373291016,55.33000183105469,53.41046905517578,6932800,0.0,0.0,0.0
2026-06-26,54.68000030517578,55.321998596191406,54.38999938964844,54.689998626708984,52.792667388916016,5185200,0.0,0.0,0.0
2026-06-29,55.29999923706055,56.02000045776367,54.619998931884766,55.970001220703125,54.028263092041016,4330300,0.0,0.0,0.0
2026-06-30,55.9900016784668,56.95000076293945,55.959999084472656,56.790000915527344,54.81981658935547,3859300,0.0,0.0,0.0
2026-07-01,56.400001525878906,56.619998931884766,56.13999938964844,56.189998626708984,54.240631103515625,3911900,0.0,0.0,0.0
2026-07-02,56.22999954223633,56.56999969482422,54.974998474121094,55.36000061035156,53.43942642211914,7085300,0.0,0.0,0.0
2026-07-06,55.86000061035156,56.29999923706055,55.77000045776367,56.06999969482422,54.124794006347656,4107000,0.0,0.0,0.0
2026-07-07,55.470001220703125,55.630001068115234,54.834999084472656,55.189998626708984,53.27531814575195,7321300,0.0,0.0,0.0
2026-07-08,54.880001068115234,55.39500045776367,54.564998626708984,55.34000015258789,53.42012023925781,7037300,0.0,0.0,0.0
2026-07-09,55.83000183105469,56.236000061035156,55.60499954223633,56.15999984741211,54.211673736572266,4309200,0.0,0.0,0.0
2026-07-10,56.0,56.415000915527344,55.755001068115234,56.36000061035156,54.40473556518555,3834800,0.0,0.0,0.0
2026-07-13,55.810001373291016,55.88999938964844,55.27000045776367,55.40999984741211,53.487693786621094,6877700,0.0,0.0,0.0
2026-07-14,56.0099983215332,56.15999984741211,55.58000183105469,55.97999954223633,54.03791809082031,4638500,0.0,0.0,0.0
2026-07-15,56.27000045776367,56.310001373291016,55.29499816894531,55.869998931884766,53.931732177734375,4963100,0.0,0.0,0.0
2026-07-16,55.439998626708984,55.555999755859375,54.75400161743164,54.9900016784668,53.0822639465332,6591800,0.0,0.0,0.0
2026-07-17,53.90999984741211,54.709999084472656,53.54999923706055,54.209999084472656,52.329322814941406,8392600,0.0,0.0,0.0
2026-07-20,54.720001220703125,55.0,54.220001220703125,54.27000045776367,52.38724136352539,6388900,0.0,0.0,0.0
2026-07-21,55.04999923706055,55.31999969482422,54.77000045776367,55.22999954223633,53.31393814086914,6130000,0.0,0.0,0.0
2026-07-22,54.244998931884766,54.650001525878906,54.220001220703125,54.34000015258789,53.064918518066406,3986300,0.635,0.0,0.0
2026-07-23,53.525001525878906,53.84000015258789,53.016998291015625,53.34000015258789,52.08838653564453,6775400,0.0,0.0,0.0
2026-07-24,53.209999084472656,53.3849983215332,52.60499954223633,52.72999954223633,51.492698669433594,7397100,0.0,0.0,0.0
2026-07-27,53.32600021362305,53.36000061035156,52.10499954223633,52.58000183105469,51.346221923828125,6587500,0.0,0.0,0.0
2026-07-28,52.119998931884766,52.36000061035156,51.474998474121094,52.06999969482422,50.848182678222656,6026700,0.0,0.0,0.0
2026-07-29,52.06999969482422,52.40999984741211,50.959999084472656,51.0,49.80329132080078,9656600,0.0,0.0,0.0
2026-07-30,52.0099983215332,52.79999923706055,51.900001525878906,52.68000030517578,51.443870544433594,5347900,0.0,0.0,0.0
2026-07-31,53.34000015258789,53.619998931884766,52.42100143432617,53.040000915527344,51.79542541503906,6199400,0.0,0.0,0.0
2026-08-03,53.064998626708984,53.93000030517578,52.90999984741211,53.84000015258789,52.57665252685547,4394200,0.0,0.0,0.0
2026-08-04,54.31999969482422,55.27199935913086,54.29499816894531,55.15999984741211,53.86567687988281,6632000,0.0,0.0,0.0
2026-08-05,55.310001373291016,55.41999816894531,54.834999084472656,54.869998931884766,53.582481384277344,5603900,0.0,0.0,0.0
2026-08-06,54.4900016784668,54.97999954223633,54.36000061035156,54.75,53.465301513671875,3982700,0.0,0.0,0.0
2026-08-07,55.08000183105469,55.27000045776367,54.86000061035156,55.2400016784668,53.94380187988281,4376400,0.0,0.0,0.0
2026-08-10,55.20500183105469,55.349998474121094,55.099998474121094,55.13999938964844,53.84614562988281,3661500,0.0,0.0,0.0
2026-08-11,55.2599983215332,55.27000045776367,54.900001525878906,55.040000915527344,53.748497009277344,3197500,0.0,0.0,0.0
2026-08-12,55.52000045776367,55.525001525878906,55.29999923706055,55.369998931884766,54.07074737548828,3606700,0.0,0.0,0.0
2026-08-13,55.439998626708984,55.88999938964844,55.38999938964844,55.779998779296875,54.47113037109375,3628900,0.0,0.0,0.0
2026-08-14,55.880001068115234,55.93000030517578,55.619998931884766,55.790000915527344,54.48089599609375,3680200,0.0,0.0,0.0
2026-08-17,55.90999984741211,55.97999954223633,55.70899963378906,55.75,54.44183349609375,5459500,0.0,0.0,0.0
2026-08-18,55.20000076293945,55.31999969482422,54.970001220703125,55.06999969482422,53.77779006958008,7121900,0.0,0.0,0.0
2026-08-19,54.59000015258789,54.64500045776367,54.150001525878906,54.34000015258789,53.700706481933594,4716600,0.652,0.0,0.0
2026-08-20,54.125,54.279998779296875,53.915000915527344,54.04999923706055,53.41411590576172,7686700,0.0,0.0,0.0
2026-08-21,54.33000183105469,54.345001220703125,53.96200180053711,54.2400016784668,53.60188293457031,3833100,0.0,0.0,0.0
2026-08-24,54.02000045776367,54.029998779296875,53.60900115966797,53.84000015258789,53.20658874511719,4614400,0.0,0.0,0.0
2026-08-25,54.119998931884766,54.290000915527344,53.900001525878906,54.119998931884766,53.48329162597656,2689600,0.0,0.0,0.0
2026-08-26,53.970001220703125,54.27000045776367,53.96500015258789,54.18000030517578,53.54258728027344,2759700,0.0,0.0,0.0
2026-08-27,54.51499938964844,54.77000045776367,54.380001068115234,54.7599983215332,54.11576461791992,3368300,0.0,0.0,0.0
2026-08-28,54.689998626708984,54.9379997253418,54.439998626708984,54.529998779296875,53.88846969604492,2562600,0.0,0.0,0.0
2026-08-31,54.459999084472656,54.619998931884766,54.349998474121094,54.599998474121094,53.957645416259766,2857300,0.0,0.0,0.0
2026-09-01,54.0,54.30500030517578,53.79999923706055,53.9900016784668,53.35482406616211,3624100,0.0,0.0,0.0
2026-09-02,53.95000076293945,54.150001525878906,53.83000183105469,54.119998931884766,53.48329162597656,2496400,0.0,0.0,0.0
2026-09-03,54.220001220703125,54.709999084472656,54.13999938964844,54.650001525878906,54.00706100463867,4230900,0.0,0.0,0.0
2026-09-04,54.77000045776367,54.90999984741211,54.599998474121094,54.75,54.10588073730469,3017600,0.0,0.0,0.0
2026-09-08,54.84000015258789,54.904998779296875,54.525001525878906,54.70000076293945,54.05647277832031,4099900,0.0,0.0,0.0
2026-09-09,54.59000015258789,54.779998779296875,54.41999816894531,54.56999969482422,53.928001403808594,2987800,0.0,0.0,0.0
2026-09-10,54.029998779296875,54.31999969482422,53.98500061035156,54.08000183105469,53.44376754760742,4124100,0.0,0.0,0.0
2026-09-11,54.560001373291016,54.709999084472656,54.45500183105469,54.560001373291016,53.91811752319336,3219800,0.0,0.0,0.0
2026-09-14,53.779998779296875,54.45000076293945,53.7400016784668,54.20000076293945,53.562355041503906,6502600,0.0,0.0,0.0
2026-09-15,54.16999816894531,54.220001220703125,53.84000015258789,53.88999938964844,53.25600051879883,5466600,0.0,0.0,0.0
2026-09-16,53.5,53.7599983215332,52.95000076293945,53.27000045776367,53.27000045776367,5984200,0.634,0.0,0.0
2026-09-17,54.040000915527344,54.16999816894531,53.86800003051758,54.099998474121094,54.099998474121094,3854800,0.0,0.0,0.0
2026-09-18,54.27000045776367,54.415000915527344,53.994998931884766,54.38999938964844,54.38999938964844,4049500,0.0,0.0,0.0
2026-09-21,54.849998474121094,55.630001068115234,54.83000183105469,55.540000915527344,55.540000915527344,7512400,0.0,0.0,0.0
2026-09-22,55.540000915527344,55.888999938964844,55.540000915527344,55.83000183105469,55.83000183105469,5038500,0.0,0.0,0.0
2026-09-23,55.84000015258789,55.84000015258789,55.38800048828125,55.54999923706055,55.54999923706055,3389400,0.0,0.0,0.0
2026-09-24,55.2599983215332,55.6349983215332,55.224998474121094,55.560001373291016,55.560001373291016,3041100,0.0,0.0,0.0
2026-09-25,55.70000076293945,55.83000183105469,55.505001068115234,55.7599983215332,55.7599983215332,3033300,0.0,0.0,0.0
2026-09-28,55.57500076293945,55.6150016784668,55.10100173950195,55.38999938964844,55.38999938964844,3832600,0.0,0.0,0.0
2026-09-29,55.599998474121094,55.61000061035156,55.310001373291016,55.459999084472656,55.459999084472656,2642600,0.0,0.0,0.0
