Date,开盘,收盘,最高,最低,成交量,成交额,振幅,涨跌幅,涨跌额,换手率
2025-09-30,4.734,4.741,4.75,4.72,7403809,3508639995.0,0.63,0.27,0.013,3.06
2025-10-09,4.754,4.816,4.836,4.75,8970906,4308933449.0,1.81,1.58,0.075,3.71
2025-10-10,4.787,4.719,4.794,4.704,11746426,5581932563.0,1.87,-2.01,-0.097,4.86
2025-10-13,4.598,4.692,4.704,4.596,9658362,4499844601.0,2.29,-0.57,-0.027,4.0
2025-10-14,4.725,4.645,4.74,4.62,11619095,5445976980.0,2.56,-1.0,-0.047,4.81
2025-10-15,4.648,4.706,4.715,4.627,9974013,4649845988.0,1.89,1.31,0.061,4.13
2025-10-16,4.689,4.721,4.747,4.689,8124633,3835512324.0,1.23,0.32,0.015,3.36
2025-10-17,4.715,4.624,4.724,4.612,8400582,3909864092.0,2.37,-2.05,-0.097,3.48
2025-10-20,4.651,4.64,4.678,4.624,7644178,3554256321.0,1.17,0.35,0.016,3.16
2025-10-21,4.656,4.71,4.723,4.652,9598685,4511371971.0,1.53,1.51,0.07,3.97
2025-10-22,4.69,4.695,4.708,4.668,5544842,2601506365.0,0.85,-0.32,-0.015,2.29
2025-10-23,4.687,4.713,4.719,4.642,6993428,3267824361.0,1.64,0.38,0.018,2.89
2025-10-24,4.728,4.77,4.772,4.727,8653036,4110591097.0,0.95,1.21,0.057,3.58
2025-10-27,4.808,4.826,4.831,4.796,7585249,3652922851.0,0.73,1.17,0.056,3.14
2025-10-28,4.815,4.802,4.85,4.792,7259491,3497088820.0,1.2,-0.5,-0.024,3.0
2025-10-29,4.81,4.862,4.864,4.81,6792784,3284668925.0,1.12,1.25,0.06,2.81
2025-10-30,4.858,4.823,4.874,4.816,8164619,3955485339.0,1.19,-0.8,-0.039,3.38
2025-10-31,4.819,4.756,4.826,4.755,14325686,6851751220.0,1.47,-1.39,-0.067,5.93
2025-11-03,4.752,4.763,4.767,4.705,7759881,3674194550.0,1.3,0.15,0.007,3.21
2025-11-04,4.76,4.729,4.773,4.706,12015243,5708778783.0,1.41,-0.71,-0.034,4.97
2025-11-05,4.692,4.735,4.751,4.668,7633533,3599158874.0,1.76,0.13,0.006,3.16
2025-11-06,4.742,4.805,4.813,4.742,7326649,3506780405.0,1.5,1.48,0.07,3.03
2025-11-07,4.79,4.795,4.812,4.774,5392556,2584816479.0,0.79,-0.21,-0.01,2.23
2025-11-10,4.797,4.807,4.811,4.763,4483488,2146884969.0,1.0,0.25,0.012,1.86
2025-11-11,4.814,4.763,4.824,4.757,5651936,2702663134.0,1.39,-0.92,-0.044,2.34
2025-11-12,4.754,4.765,4.783,4.731,5236907,2491775456.0,1.09,0.04,0.002,2.17
2025-11-13,4.757,4.812,4.815,4.752,6459561,3096198221.0,1.32,0.99,0.047,2.67
2025-11-14,4.785,4.741,4.796,4.739,5936317,2832605947.0,1.18,-1.48,-0.071,2.46
2025-11-17,4.73,4.71,4.74,4.691,7524669,3545084093.0,1.03,-0.65,-0.031,3.11
2025-11-18,4.7,4.683,4.717,4.664,8568239,4018390178.0,1.13,-0.57,-0.027,3.55
2025-11-19,4.678,4.697,4.717,4.678,8569615,4026545623.0,0.83,0.3,0.014,3.55
2025-11-20,4.724,4.676,4.729,4.673,5619395,2644705315.0,1.19,-0.45,-0.021,2.33
2025-11-21,4.645,4.564,4.654,4.562,14964004,6884359920.0,1.97,-2.4,-0.112,6.19
2025-11-24,4.579,4.557,4.585,4.533,11557477,5269730484.0,1.14,-0.15,-0.007,4.78
2025-11-25,4.58,4.597,4.623,4.579,8959406,4120829562.0,0.97,0.88,0.04,3.71
2025-11-26,4.6,4.626,4.646,4.594,9140793,4228349386.0,1.13,0.63,0.029,3.78
2025-11-27,4.629,4.622,4.674,4.618,4793694,2226374836.0,1.21,-0.09,-0.004,1.98
2025-11-28,4.621,4.635,4.642,4.603,5192341,2403092677.0,0.84,0.28,0.013,2.15
2025-12-01,4.646,4.687,4.688,4.639,5783014,2698559001.0,1.06,1.12,0.052,2.39
2025-12-02,4.686,4.666,4.686,4.651,3834449,1790231961.0,0.75,-0.45,-0.021,1.59
2025-12-03,4.665,4.645,4.684,4.635,3950348,1840202209.0,1.05,-0.45,-0.021,1.63
2025-12-04,4.648,4.657,4.671,4.628,4026188,1871831892.0,0.93,0.26,0.012,1.67
2025-12-05,4.656,4.698,4.71,4.643,6872031,3217071412.0,1.44,0.88,0.041,2.84
2025-12-08,4.711,4.732,4.754,4.709,8263438,3908784386.0,0.96,0.72,0.034,3.42
2025-12-09,4.727,4.708,4.739,4.694,7001055,3302885875.0,0.95,-0.51,-0.024,2.9
2025-12-10,4.7,4.702,4.709,4.658,6207764,2903153594.0,1.08,-0.13,-0.006,2.57
2025-12-11,4.708,4.668,4.722,4.662,6199443,2910601742.0,1.28,-0.72,-0.034,2.57
2025-12-12,4.678,4.694,4.702,4.648,8671539,4057237306.0,1.16,0.56,0.026,3.59
2025-12-15,4.674,4.667,4.712,4.55,6917855,3241015143.0,3.45,-0.58,-0.027,2.86
2025-12-16,4.66,4.62,4.667,4.601,7693550,3559031617.0,1.41,-1.01,-0.047,3.18
2025-12-17,4.619,4.699,4.715,4.616,10856133,5079203142.0,2.14,1.71,0.079,4.49
2025-12-18,4.683,4.668,4.692,4.661,6780189,3169750209.0,0.66,-0.66,-0.031,2.81
2025-12-19,4.68,4.688,4.714,4.666,8317889,3901916782.0,1.03,0.43,0.02,3.44
2025-12-22,4.702,4.73,4.735,4.702,8371220,3956863485.0,0.7,0.9,0.042,3.46
2025-12-23,4.735,4.74,4.763,4.726,8083405,3833240598.0,0.78,0.21,0.01,3.35
2025-12-24,4.74,4.757,4.765,4.726,5334294,2531260594.0,0.82,0.36,0.017,2.21
2025-12-25,4.75,4.766,4.777,4.744,4272443,2033628744.0,0.69,0.19,0.009,1.77
2025-12-26,4.766,4.784,4.801,4.755,8160801,3902900785.0,0.97,0.38,0.018,3.38
2025-12-29,4.78,4.763,4.794,4.749,8529050,4069832489.0,0.94,-0.44,-0.021,3.53
2025-12-30,4.746,4.773,4.79,4.742,4772242,2275508778.0,1.01,0.21,0.01,1.97
2025-12-31,4.777,4.753,4.789,4.742,6668292,3175879377.0,0.98,-0.42,-0.02,2.76
2026-01-05,4.783,4.844,4.848,4.78,10171325,4902061805.0,1.43,1.91,0.091,4.21
2026-01-06,4.85,4.919,4.92,4.848,10523015,5141603633.0,1.49,1.55,0.075,4.35
2026-01-07,4.92,4.901,4.927,4.876,9334026,4578481053.0,1.04,-0.37,-0.018,3.86
2026-01-08,4.888,4.863,4.894,4.843,6827198,3324674355.0,1.04,-0.78,-0.038,2.83
2026-01-09,4.857,4.885,4.903,4.844,11348553,5535581862.0,1.21,0.45,0.022,4.7
2026-01-12,4.893,4.913,4.929,4.861,13330753,6529675045.0,1.39,0.57,0.028,5.52
2026-01-13,4.922,4.896,4.965,4.876,12717832,6249488306.0,1.81,-0.35,-0.017,5.26
2026-01-14,4.896,4.866,4.949,4.841,21367223,10465332592.0,2.21,-0.61,-0.03,8.84
2026-01-15,4.849,4.875,4.894,4.843,52171489,25390672681.0,1.05,0.18,0.009,21.59
2026-01-16,4.905,4.859,4.919,4.838,53201665,25922582412.0,1.66,-0.33,-0.016,22.02
2026-01-19,4.737,4.738,4.769,4.718,29134399,13792576409.0,1.05,-2.49,-0.121,12.06
2026-01-20,4.735,4.724,4.751,4.688,28867656,13613769428.0,1.33,-0.3,-0.014,11.95
2026-01-21,4.709,4.73,4.764,4.709,49039740,23207895509.0,1.16,0.13,0.006,20.29
2026-01-22,4.741,4.727,4.76,4.703,43163442,20376067887.0,1.21,-0.06,-0.003,17.86
2026-01-23,4.732,4.704,4.742,4.687,67693781,31834663643.0,1.16,-0.49,-0.023,28.01
2026-01-26,4.712,4.712,4.76,4.694,59398529,28002364939.0,1.4,0.17,0.008,24.58
2026-01-27,4.712,4.71,4.742,4.679,43391350,20450057577.0,1.34,-0.04,-0.002,17.96
2026-01-28,4.725,4.725,4.743,4.704,84977823,40100175381.0,0.83,0.32,0.015,35.17
2026-01-29,4.724,4.768,4.779,4.704,35456647,16773879626.0,1.59,0.91,0.043,14.67
2026-01-30,4.736,4.711,4.758,4.642,16702748,7860479504.0,2.43,-1.2,-0.057,6.91
2026-02-02,4.68,4.6,4.719,4.591,26511344,12299263716.0,2.72,-2.36,-0.111,10.97
2026-02-03,4.64,4.664,4.668,4.585,10529446,4881749326.0,1.8,1.39,0.064,4.36
2026-02-04,4.652,4.707,4.709,4.643,10525059,4914865553.0,1.42,0.92,0.043,4.36
2026-02-05,4.68,4.679,4.695,4.645,9339829,4364498239.0,1.06,-0.59,-0.028,3.87
2026-02-06,4.643,4.649,4.691,4.61,8816737,4106577054.0,1.73,-0.64,-0.03,3.65
2026-02-09,4.695,4.727,4.73,4.686,7011195,3304026961.0,0.95,1.68,0.078,2.9
2026-02-10,4.733,4.733,4.739,4.72,6804617,3219183511.0,0.4,0.13,0.006,2.82
2026-02-11,4.727,4.723,4.732,4.714,3720787,1757895647.0,0.38,-0.21,-0.01,1.54
2026-02-12,4.729,4.727,4.735,4.716,3980124,1881073591.0,0.4,0.08,0.004,1.65
2026-02-13,4.714,4.671,4.714,4.667,13673572,6405790170.0,0.99,-1.18,-0.056,5.66
2026-02-24,4.725,4.716,4.736,4.705,6242456,2946760847.0,0.66,0.96,0.045,2.58
2026-02-25,4.717,4.75,4.778,4.716,8734031,4148107679.0,1.31,0.72,0.034,3.61
2026-02-26,4.751,4.735,4.754,4.712,7663721,3624553287.0,0.88,-0.32,-0.015,3.17
2026-02-27,4.72,4.725,4.732,4.7,6062453,2859792911.0,0.68,-0.21,-0.01,2.51
2026-03-02,4.694,4.739,4.743,4.674,12423675,5860854055.0,1.46,0.3,0.014,5.14
2026-03-03,4.741,4.678,4.751,4.665,9665579,4550837091.0,1.81,-1.29,-0.061,4.0
2026-03-04,4.64,4.61,4.65,4.587,8292240,3830984400.0,1.35,-1.45,-0.068,3.43
2026-03-05,4.647,4.654,4.678,4.639,5684210,2646464156.0,0.85,0.95,0.044,2.35
2026-03-06,4.64,4.667,4.682,4.624,5043759,2349185776.0,1.25,0.28,0.013,2.09
2026-03-09,4.623,4.629,4.638,4.56,8380983,3854535508.0,1.67,-0.81,-0.038,3.47
2026-03-10,4.642,4.683,4.689,4.641,5460125,2550822882.0,1.04,1.17,0.054,2.26
2026-03-11,4.686,4.711,4.719,4.682,5937122,2792866730.0,0.79,0.6,0.028,2.46
2026-03-12,4.711,4.694,4.711,4.665,3433836,1610201018.0,0.98,-0.36,-0.017,1.42
2026-03-13,4.672,4.677,4.716,4.67,3251129,1526480622.0,0.98,-0.36,-0.017,1.35
2026-03-16,4.675,4.68,4.686,4.632,4038627,1881524447.0,1.15,0.06,0.003,1.67
2026-03-17,4.686,4.646,4.731,4.645,7233377,3388771831.0,1.84,-0.73,-0.034,2.99
2026-03-18,4.652,4.662,4.67,4.616,7702627,3575798297.0,1.16,0.34,0.016,3.19
2026-03-19,4.621,4.599,4.641,4.581,7722418,3558170504.0,1.29,-1.35,-0.063,3.2
2026-03-20,4.598,4.576,4.635,4.573,7612736,3509938019.0,1.35,-0.5,-0.023,3.15
2026-03-23,4.528,4.43,4.537,4.406,15234981,6799292790.0,2.86,-3.19,-0.146,6.3
2026-03-24,4.463,4.479,4.48,4.405,8504351,3784113263.0,1.69,1.11,0.049,3.52
2026-03-25,4.51,4.544,4.549,4.504,8677126,3932266869.0,1.0,1.45,0.065,3.59
2026-03-26,4.536,4.488,4.547,4.477,4742424,2139118213.0,1.54,-1.23,-0.056,1.96
2026-03-27,4.45,4.508,4.53,4.445,5626908,2529639239.0,1.89,0.45,0.02,2.33
2026-03-30,4.462,4.5,4.505,4.453,5439943,2434696108.0,1.15,-0.18,-0.008,2.25
2026-03-31,4.501,4.463,4.529,4.462,5305656,2385310576.0,1.49,-0.82,-0.037,2.2
2026-04-01,4.52,4.534,4.542,4.501,5012281,2267466693.0,0.92,1.59,0.071,2.07
2026-04-02,4.521,4.489,4.526,4.47,4663511,2098973595.0,1.24,-0.99,-0.045,1.93
2026-04-03,4.495,4.454,4.506,4.446,4261096,1903072420.0,1.34,-0.78,-0.035,1.76
2026-04-07,4.455,4.446,4.47,4.431,4285686,1908516206.0,0.88,-0.18,-0.008,1.77
2026-04-08,4.519,4.602,4.604,4.517,9968846,4550818244.0,1.96,3.51,0.156,4.13
2026-04-09,4.573,4.572,4.586,4.56,7049553,3223934997.0,0.56,-0.65,-0.03,2.92
2026-04-10,4.588,4.642,4.664,4.588,9063873,4203124967.0,1.66,1.53,0.07,3.75
2026-04-13,4.629,4.652,4.66,4.623,3928926,1825187755.0,0.8,0.22,0.01,1.63
2026-04-14,4.679,4.712,4.712,4.663,4276571,2005429241.0,1.05,1.29,0.06,1.77
2026-04-15,4.732,4.694,4.746,4.684,6759806,3185349113.0,1.32,-0.38,-0.018,2.8
2026-04-16,4.704,4.746,4.747,4.7,8532344,4036951794.0,1.0,1.11,0.052,3.53
2026-04-17,4.737,4.739,4.75,4.722,7361501,3485941360.0,0.59,-0.15,-0.007,3.05
2026-04-20,4.735,4.765,4.777,4.728,7624578,3627929894.0,1.03,0.55,0.026,3.16
2026-04-21,4.764,4.776,4.786,4.73,6361081,3026895923.0,1.18,0.23,0.011,2.63
2026-04-22,4.76,4.811,4.813,4.756,10125926,4851593064.0,1.19,0.73,0.035,4.19
2026-04-23,4.82,4.801,4.834,4.772,10085181,4848688474.0,1.29,-0.21,-0.01,4.17
2026-04-24,4.785,4.782,4.798,4.75,7193226,3432906825.0,1.0,-0.4,-0.019,2.98
2026-04-27,4.786,4.782,4.81,4.773,9280360,4443760487.0,0.77,0.0,0.0,3.84
2026-04-28,4.766,4.77,4.79,4.757,8644202,4125806962.0,0.69,-0.25,-0.012,3.58
2026-04-29,4.755,4.821,4.828,4.755,12796798,6139314265.0,1.53,1.07,0.051,5.3
2026-04-30,4.83,4.824,4.841,4.808,16517864,7965711080.0,0.68,0.06,0.003,6.84
2026-05-06,4.866,4.888,4.914,4.852,18677828,9131466569.0,1.29,1.33,0.064,7.73
2026-05-07,4.905,4.912,4.914,4.879,20946226,10262731527.0,0.72,0.49,0.024,8.67
2026-05-08,4.89,4.886,4.902,4.862,12535649,6121164078.0,0.81,-0.53,-0.026,5.19
2026-05-11,4.911,4.966,4.98,4.9,21165218,10456512044.0,1.64,1.64,0.08,8.76
2026-05-12,4.975,4.963,4.987,4.944,10021705,4976355850.0,0.87,-0.06,-0.003,4.15
2026-05-13,4.94,5.017,5.023,4.939,12726150,6331249194.0,1.69,1.09,0.054,5.27
2026-05-14,5.037,4.941,5.041,4.931,10281646,5118663487.0,2.19,-1.51,-0.076,4.25
2026-05-15,4.935,4.878,4.954,4.852,10479024,5135152285.0,2.06,-1.28,-0.063,4.34
2026-05-18,4.855,4.852,4.885,4.819,5835764,2832450612.0,1.35,-0.53,-0.026,2.42
2026-05-19,4.843,4.869,4.874,4.789,9674999,4670192858.0,1.75,0.35,0.017,4.0
2026-05-20,4.845,4.871,4.882,4.84,9597201,4664422387.0,0.86,0.04,0.002,3.97
2026-05-21,4.897,4.808,4.954,4.801,12055773,5913215496.0,3.14,-1.29,-0.063,4.99
2026-05-22,4.828,4.862,4.868,4.807,13250518,6421618436.0,1.27,1.12,0.054,5.48
2026-05-25,4.88,4.937,4.938,4.872,16250559,7970991059.0,1.36,1.54,0.075,6.72
2026-05-26,4.912,4.972,4.975,4.91,9686752,4786813577.0,1.32,0.71,0.035,4.01
2026-05-27,4.963,4.932,4.993,4.913,6405215,3174582673.0,1.61,-0.8,-0.04,2.65
2026-05-28,4.917,4.932,4.948,4.866,4396498,2155076599.0,1.66,0.0,0.0,1.82
2026-05-29,4.946,4.923,4.978,4.9,6566854,3243446893.0,1.58,-0.18,-0.009,2.72
2026-06-01,4.923,4.868,4.94,4.861,4990927,2443095510.0,1.6,-1.12,-0.055,2.07
2026-06-02,4.867,4.936,4.956,4.856,6809437,3345673270.0,2.05,1.4,0.068,2.82
2026-06-03,4.938,4.965,5.016,4.928,7604619,3784497955.0,1.78,0.59,0.029,3.15
2026-06-04,4.919,4.926,4.961,4.91,6097283,3006706301.0,1.03,-0.79,-0.039,2.52
2026-06-05,4.909,4.843,4.948,4.825,6182927,3023262809.0,2.5,-1.68,-0.083,2.56
2026-06-08,4.79,4.739,4.808,4.705,9232724,4394322754.0,2.13,-2.15,-0.104,3.82
2026-06-09,4.764,4.826,4.828,4.741,4361645,2085593718.0,1.84,1.84,0.087,1.8
2026-06-10,4.79,4.784,4.814,4.751,3931623,1879211957.0,1.31,-0.87,-0.042,1.63
2026-06-11,4.766,4.751,4.793,4.718,4160688,1975529542.0,1.57,-0.69,-0.033,1.72
2026-06-12,4.81,4.818,4.846,4.789,7808859,3761995011.0,1.2,1.41,0.067,3.23
2026-06-15,4.858,4.919,4.92,4.839,16233007,7928405421.0,1.68,2.1,0.101,6.72
2026-06-16,4.92,4.91,4.933,4.893,9085294,4467242130.0,0.81,-0.18,-0.009,3.76
2026-06-17,4.898,4.958,4.96,4.894,13911870,6854308726.0,1.34,0.98,0.048,5.76
2026-06-18,4.943,4.984,5.001,4.941,12933430,6434057084.0,1.21,0.52,0.026,5.35
2026-06-22,4.983,5.091,5.095,4.954,19131578,9643147387.0,2.83,2.15,0.107,7.92
2026-06-23,5.079,4.942,5.095,4.915,26173354,13121283633.0,3.54,-2.93,-0.149,10.83
2026-06-24,4.929,4.967,4.978,4.916,25906734,12839317641.0,1.25,0.51,0.025,10.72
2026-06-25,4.973,5.048,5.055,4.966,26406087,13252886361.0,1.79,1.63,0.081,10.93
2026-06-26,5.008,4.907,5.015,4.88,9582429,4730764080.0,2.67,-2.79,-0.141,3.97
2026-06-29,4.897,4.959,4.966,4.866,14848057,7294621804.0,2.04,1.06,0.052,6.14
2026-06-30,4.947,5.019,5.022,4.942,20297213,10142732805.0,1.61,1.21,0.06,8.4
2026-07-01,5.009,4.998,5.054,4.957,9626190,4820926453.0,1.93,-0.42,-0.021,3.98
2026-07-02,4.955,4.85,4.96,4.835,13691536,6704066004.0,2.5,-2.96,-0.148,5.67
2026-07-03,4.83,4.876,4.927,4.828,19983308,9792434457.0,2.04,0.54,0.026,8.27
2026-07-06,4.9,4.877,4.914,4.831,6179918,3016661205.0,1.7,0.02,0.001,2.56
2026-07-07,4.858,4.826,4.877,4.796,6986968,3378515920.0,1.66,-1.05,-0.051,2.89
2026-07-08,4.836,4.798,4.872,4.793,4846848,2337287019.0,1.64,-0.58,-0.028,2.01
2026-07-09,4.813,4.916,4.925,4.777,9558592,4636438104.0,3.08,2.46,0.118,3.96
2026-07-10,4.918,4.829,4.949,4.827,8242800,4039507185.0,2.48,-1.77,-0.087,3.41
2026-07-13,4.802,4.744,4.821,4.719,16190530,7705111563.0,2.11,-1.76,-0.085,6.7
2026-07-14,4.744,4.837,4.838,4.696,18084400,8630537927.0,2.99,1.96,0.093,7.48
2026-07-15,4.829,4.838,4.87,4.819,7220327,3497653884.0,1.05,0.02,0.001,2.99
2026-07-16,4.775,4.753,4.825,4.724,16578228,7909234146.0,2.09,-1.76,-0.085,6.86
2026-07-17,4.72,4.589,4.73,4.546,31647757,14648790580.0,3.87,-3.45,-0.164,13.1
2026-07-20,4.63,4.65,4.685,4.577,40104538,18562451759.0,2.35,1.33,0.061,16.6
2026-07-21,4.677,4.787,4.789,4.617,27388321,12894642144.0,3.7,2.95,0.137,11.33
2026-07-22,4.75,4.765,4.823,4.75,12650379,6059305801.0,1.52,-0.46,-0.022,5.24
2026-07-23,4.774,4.787,4.795,4.755,5811786,2775499281.0,0.84,0.46,0.022,2.41
2026-07-24,4.75,4.701,4.759,4.699,10247632,4844479626.0,1.25,-1.8,-0.086,4.24
2026-07-27,4.702,4.753,4.758,4.674,9715927,4584814670.0,1.79,1.11,0.052,4.02
2026-07-28,4.69,4.627,4.7,4.609,16853987,7832309396.0,1.91,-2.65,-0.126,6.97
2026-07-29,4.624,4.657,4.686,4.574,15092027,6987965715.0,2.42,0.65,0.03,6.25
2026-07-30,4.63,4.605,4.655,4.536,15120389,6953209405.0,2.56,-1.12,-0.052,6.26
2026-07-31,4.68,4.653,4.703,4.644,15016263,7016550822.0,1.28,1.04,0.048,6.21
2026-08-03,4.624,4.599,4.638,4.591,9263921,4269964026.0,1.01,-1.16,-0.054,3.83
2026-08-04,4.618,4.651,4.672,4.615,11730429,5451256791.0,1.24,1.13,0.052,4.85
2026-08-05,4.62,4.714,4.737,4.613,14245658,6690045414.0,2.67,1.35,0.063,5.9
2026-08-06,4.688,4.709,4.731,4.668,8783560,4127254988.0,1.34,-0.11,-0.005,3.63
2026-08-07,4.706,4.751,4.764,4.706,9435356,4474693309.0,1.23,0.89,0.042,3.9
2026-08-10,4.755,4.759,4.772,4.72,5610852,2663755927.0,1.09,0.17,0.008,2.32
2026-08-11,4.75,4.728,4.775,4.722,5353219,2541400132.0,1.11,-0.65,-0.031,2.22
2026-08-12,4.727,4.748,4.759,4.72,9010137,4275919625.0,0.82,0.42,0.02,3.73
2026-08-13,4.77,4.729,4.786,4.725,9155827,4364799044.0,1.28,-0.4,-0.019,3.79
2026-08-14,4.737,4.726,4.742,4.701,6859530,3238306187.0,0.87,-0.06,-0.003,2.84
2026-08-17,4.73,4.801,4.802,4.725,8356561,3985898570.0,1.63,1.59,0.075,3.46
2026-08-18,4.794,4.787,4.803,4.751,6576444,3143413605.0,1.08,-0.29,-0.014,2.72
2026-08-19,4.748,4.654,4.749,4.627,15327229,7147497737.0,2.55,-2.78,-0.133,6.34
2026-08-20,4.67,4.653,4.689,4.632,7488663,3491619584.0,1.22,-0.02,-0.001,3.1
2026-08-21,4.648,4.68,4.693,4.641,7273846,3400014848.0,1.12,0.58,0.027,3.01
2026-08-24,4.678,4.627,4.692,4.593,9229738,4272980684.0,2.12,-1.13,-0.053,3.82
2026-08-25,4.601,4.616,4.639,4.587,7452568,3435989271.0,1.12,-0.24,-0.011,3.08
2026-08-26,4.615,4.652,4.68,4.611,8463209,3935828217.0,1.49,0.78,0.036,3.5
2026-08-27,4.659,4.691,4.694,4.649,6419297,3001316406.0,0.97,0.84,0.039,2.66
2026-08-28,4.684,4.679,4.706,4.675,6046933,2835120646.0,0.66,-0.26,-0.012,2.5
2026-08-31,4.64,4.685,4.692,4.618,6731265,3134489338.0,1.58,0.13,0.006,2.79
2026-09-01,4.683,4.684,4.705,4.666,8467983,3962899774.0,0.83,-0.02,-0.001,3.5
2026-09-02,4.65,4.62,4.654,4.601,6364598,2941487681.0,1.13,-1.37,-0.064,2.63
2026-09-03,4.631,4.621,4.65,4.605,4981830,2305980422.0,0.97,0.02,0.001,2.06
2026-09-04,4.637,4.616,4.672,4.599,8414655,3905672999.0,1.58,-0.11,-0.005,3.48
2026-09-07,4.635,4.634,4.649,4.612,9930783,4602371534.0,0.8,0.39,0.018,4.11
2026-09-08,4.638,4.624,4.657,4.61,6125122,2838526769.0,1.01,-0.22,-0.01,2.53
2026-09-09,4.638,4.637,4.648,4.613,5732887,2656716690.0,0.76,0.28,0.013,2.37
2026-09-10,4.617,4.617,4.64,4.599,4388541,2026289592.0,0.88,-0.43,-0.02,1.82
2026-09-11,4.592,4.579,4.592,4.532,9666652,4409407029.0,1.3,-0.82,-0.038,4.0
2026-09-14,4.551,4.552,4.574,4.538,6291774,2863784490.0,0.79,-0.59,-0.027,2.6
2026-09-15,4.541,4.523,4.568,4.515,6973418,3164632673.0,1.16,-0.64,-0.029,2.89
2026-09-16,4.522,4.55,4.555,4.485,9687597,4384779786.0,1.55,0.6,0.027,4.01
2026-09-17,4.539,4.532,4.568,4.524,5075461,2304178588.0,0.97,-0.4,-0.018,2.1
2026-09-18,4.556,4.582,4.596,4.548,6297211,2877462543.0,1.06,1.1,0.05,2.61
2026-09-21,4.586,4.608,4.615,4.581,5702039,2624224493.0,0.74,0.57,0.026,2.36
2026-09-22,4.636,4.613,4.658,4.612,6445874,2987237086.0,1.0,0.11,0.005,2.67
2026-09-23,4.62,4.59,4.621,4.586,6364575,2928541597.0,0.76,-0.5,-0.023,2.63
2026-09-24,4.578,4.515,4.579,4.512,7102519,3220888135.0,1.46,-1.63,-0.075,2.94
2026-09-28,4.499,4.417,4.503,4.397,9864089,4373095288.0,2.35,-2.17,-0.098,4.08
2026-09-29,4.399,4.416,4.431,4.398,4685014,2066922312.0,0.75,-0.02,-0.001,1.94
2026-09-30,4.421,4.425,4.433,4.415,2272205,1005754861.0,0.41,0.2,0.009,0.94
