YYYYMM,Mom,Date
192701,0.57,1927-01-01
192702,-1.51,1927-02-01
192703,3.52,1927-03-01
192704,4.35,1927-04-01
192705,2.78,1927-05-01
192706,0.54,1927-06-01
192707,4.17,1927-07-01
192708,1.36,1927-08-01
192709,1.94,1927-09-01
192710,-0.9,1927-10-01
192711,-0.23,1927-11-01
192712,3.11,1927-12-01
192801,-0.45,1928-01-01
192802,-1.07,1928-02-01
192803,4.75,1928-03-01
192804,-5.85,1928-04-01
192805,2.64,1928-05-01
192806,1.69,1928-06-01
192807,2.54,1928-07-01
192808,3.68,1928-08-01
192809,3.49,1928-09-01
192810,5.17,1928-10-01
192811,1.87,1928-11-01
192812,1.44,1928-12-01
192901,2.43,1929-01-01
192902,3.07,1929-02-01
192903,-0.62,1929-03-01
192904,2.07,1929-04-01
192905,-2.19,1929-05-01
192906,8.31,1929-06-01
192907,2.96,1929-07-01
192908,4.4,1929-08-01
192909,2.96,1929-09-01
192910,2.44,1929-10-01
192911,-2.04,1929-11-01
192912,5.42,1929-12-01
193001,-5.46,1930-01-01
193002,1.12,1930-02-01
193003,-4.23,1930-03-01
193004,4.13,1930-04-01
193005,-0.76,1930-05-01
193006,5.84,1930-06-01
193007,-2.14,1930-07-01
193008,3.87,1930-08-01
193009,11.59,1930-09-01
193010,6.28,1930-10-01
193011,-1.34,1930-11-01
193012,12.51,1930-12-01
193101,-11.1,1931-01-01
193102,-13.58,1931-02-01
193103,9.71,1931-03-01
193104,10.97,1931-04-01
193105,9.22,1931-05-01
193106,-17.54,1931-06-01
193107,8.37,1931-07-01
193108,-3.32,1931-08-01
193109,9.3,1931-09-01
193110,2.9,1931-10-01
193111,8.03,1931-11-01
193112,12.92,1931-12-01
193201,-9.94,1932-01-01
193202,1.48,1932-02-01
193203,10.04,1932-03-01
193204,7.65,1932-04-01
193205,12.54,1932-05-01
193206,1.92,1932-06-01
193207,-45.63,1932-07-01
193208,-52.61,1932-08-01
193209,2.46,1932-09-01
193210,4.62,1932-10-01
193211,-0.96,1932-11-01
193212,4.64,1932-12-01
193301,-2.44,1933-01-01
193302,4.6,1933-02-01
193303,4.24,1933-03-01
193304,-17.05,1933-04-01
193305,-5.54,1933-05-01
193306,4.25,1933-06-01
193307,-0.35,1933-07-01
193308,7.54,1933-08-01
193309,1.64,1933-09-01
193310,-2.13,1933-10-01
193311,6.46,1933-11-01
193312,4.01,1933-12-01
193401,-3.48,1934-01-01
193402,0.09,1934-02-01
193403,-0.67,1934-03-01
193404,-4.81,1934-04-01
193405,-2.39,1934-05-01
193406,-0.79,1934-06-01
193407,8.8,1934-07-01
193408,2.56,1934-08-01
193409,-0.06,1934-09-01
193410,6.88,1934-10-01
193411,3.77,1934-11-01
193412,4.53,1934-12-01
193501,3.1,1935-01-01
193502,14.46,1935-02-01
193503,2.37,1935-03-01
193504,-4.75,1935-04-01
193505,-3.59,1935-05-01
193506,2.66,1935-06-01
193507,-4.79,1935-07-01
193508,-6.46,1935-08-01
193509,8.31,1935-09-01
193510,1.82,1935-10-01
193511,-7.14,1935-11-01
193512,3.7,1935-12-01
193601,-2.95,1936-01-01
193602,2.53,1936-02-01
193603,1.63,1936-03-01
193604,-7.67,1936-04-01
193605,2.5,1936-05-01
193606,0.56,1936-06-01
193607,2.49,1936-07-01
193608,0.6,1936-08-01
193609,1.41,1936-09-01
193610,1.12,1936-10-01
193611,2.04,1936-11-01
193612,2.13,1936-12-01
193701,-1.94,1937-01-01
193702,2.72,1937-02-01
193703,3.33,1937-03-01
193704,-3.54,1937-04-01
193705,0.57,1937-05-01
193706,0.78,1937-06-01
193707,-0.45,1937-07-01
193708,-1.86,1937-08-01
193709,-6.81,1937-09-01
193710,-1.46,1937-10-01
193711,-1.32,1937-11-01
193712,4.85,1937-12-01
193801,-1.74,1938-01-01
193802,-2.84,1938-02-01
193803,15.78,1938-03-01
193804,-9.85,1938-04-01
193805,6.98,1938-05-01
193806,-24.87,1938-06-01
193807,-6.77,1938-07-01
193808,3.49,1938-08-01
193809,2.42,1938-09-01
193810,-7.53,1938-10-01
193811,3.32,1938-11-01
193812,2.31,1938-12-01
193901,-2.99,1939-01-01
193902,3.12,1939-02-01
193903,-1.86,1939-03-01
193904,2.73,1939-04-01
193905,3.52,1939-05-01
193906,2.24,1939-06-01
193907,-0.7,1939-07-01
193908,5.9,1939-08-01
193909,-31.45,1939-09-01
193910,6.58,1939-10-01
193911,-0.29,1939-11-01
193912,5.42,1939-12-01
194001,1.74,1940-01-01
194002,1.67,1940-02-01
194003,-0.55,1940-03-01
194004,3.36,1940-04-01
194005,2.89,1940-05-01
194006,-2.46,1940-06-01
194007,1.06,1940-07-01
194008,-1.78,1940-08-01
194009,-0.06,1940-09-01
194010,-5.76,1940-10-01
194011,1.31,1940-11-01
194012,3.54,1940-12-01
194101,-4.75,1941-01-01
194102,1.07,1941-02-01
194103,2.46,1941-03-01
194104,3.03,1941-04-01
194105,2.61,1941-05-01
194106,-0.68,1941-06-01
194107,-1.51,1941-07-01
194108,0.18,1941-08-01
194109,-1.67,1941-09-01
194110,4.82,1941-10-01
194111,4.41,1941-11-01
194112,0.4,1941-12-01
194201,-3.63,1942-01-01
194202,-0.72,1942-02-01
194203,-0.26,1942-03-01
194204,-0.83,1942-04-01
194205,-4.77,1942-05-01
194206,-1.38,1942-06-01
194207,0.8,1942-07-01
194208,-0.08,1942-08-01
194209,-0.92,1942-09-01
194210,-4.41,1942-10-01
194211,-1.07,1942-11-01
194212,3.18,1942-12-01
194301,-0.3,1943-01-01
194302,-1.63,1943-02-01
194303,4.72,1943-03-01
194304,5.86,1943-04-01
194305,5.9,1943-05-01
194306,-1.32,1943-06-01
194307,-4.51,1943-07-01
194308,0.9,1943-08-01
194309,1.73,1943-09-01
194310,-0.69,1943-10-01
194311,-4.47,1943-11-01
194312,5.92,1943-12-01
194401,0.89,1944-01-01
194402,0.34,1944-02-01
194403,2.62,1944-03-01
194404,0.51,1944-04-01
194405,1.9,1944-05-01
194406,-5.79,1944-06-01
194407,0.14,1944-07-01
194408,4.74,1944-08-01
194409,-1.17,1944-09-01
194410,-1.32,1944-10-01
194411,1.36,1944-11-01
194412,3.35,1944-12-01
194501,0.03,1945-01-01
194502,3.2,1945-02-01
194503,-3.07,1945-03-01
194504,4.71,1945-04-01
194505,0.15,1945-05-01
194506,4.15,1945-06-01
194507,-2.68,1945-07-01
194508,-1.3,1945-08-01
194509,1.39,1945-09-01
194510,0.17,1945-10-01
194511,4.31,1945-11-01
194512,1.25,1945-12-01
194601,3.79,1946-01-01
194602,-1.43,1946-02-01
194603,2.7,1946-03-01
194604,3.04,1946-04-01
194605,-0.58,1946-05-01
194606,-2.51,1946-06-01
194607,0.22,1946-07-01
194608,-0.05,1946-08-01
194609,0.7,1946-09-01
194610,0.91,1946-10-01
194611,0.28,1946-11-01
194612,0.09,1946-12-01
194701,-6.32,1947-01-01
194702,-0.49,1947-02-01
194703,4.1,1947-03-01
194704,5.41,1947-04-01
194705,3.37,1947-05-01
194706,-1.84,1947-06-01
194707,-3.38,1947-07-01
194708,3.4,1947-08-01
194709,0.1,1947-09-01
194710,1.56,1947-10-01
194711,4.26,1947-11-01
194712,3.62,1947-12-01
194801,-4.19,1948-01-01
194802,1.41,1948-02-01
194803,-0.34,1948-03-01
194804,4.1,1948-04-01
194805,2.33,1948-05-01
194806,3.98,1948-06-01
194807,-1.61,1948-07-01
194808,0.2,1948-08-01
194809,-1.36,1948-09-01
194810,2.73,1948-10-01
194811,0.58,1948-11-01
194812,4.66,1948-12-01
194901,-2.92,1949-01-01
194902,-0.43,1949-02-01
194903,-0.81,1949-03-01
194904,3.13,1949-04-01
194905,3.06,1949-05-01
194906,-1.29,1949-06-01
194907,-1.47,1949-07-01
194908,1.58,1949-08-01
194909,-1.32,1949-09-01
194910,0.02,1949-10-01
194911,1.22,1949-11-01
194912,-0.82,1949-12-01
195001,-2.27,1950-01-01
195002,1.38,1950-02-01
195003,1.46,1950-03-01
195004,0.27,1950-04-01
195005,0.29,1950-05-01
195006,-1.58,1950-06-01
195007,-0.52,1950-07-01
195008,3.2,1950-08-01
195009,-0.2,1950-09-01
195010,1.51,1950-10-01
195011,3.52,1950-11-01
195012,4.95,1950-12-01
195101,2.32,1951-01-01
195102,-1.95,1951-02-01
195103,-2.93,1951-03-01
195104,5.98,1951-04-01
195105,-0.96,1951-05-01
195106,-2.45,1951-06-01
195107,7.18,1951-07-01
195108,0.64,1951-08-01
195109,0.6,1951-09-01
195110,-0.21,1951-10-01
195111,0.51,1951-11-01
195112,1.75,1951-12-01
195201,1.37,1952-01-01
195202,-0.68,1952-02-01
195203,1.65,1952-03-01
195204,-2.01,1952-04-01
195205,0.56,1952-05-01
195206,1.49,1952-06-01
195207,-0.55,1952-07-01
195208,0.34,1952-08-01
195209,1.73,1952-09-01
195210,2.73,1952-10-01
195211,0.4,1952-11-01
195212,1.49,1952-12-01
195301,0.74,1953-01-01
195302,0.8,1953-02-01
195303,0.14,1953-03-01
195304,1.84,1953-04-01
195305,0.9,1953-05-01
195306,0.0,1953-06-01
195307,-0.37,1953-07-01
195308,2.14,1953-08-01
195309,2.9,1953-09-01
195310,0.23,1953-10-01
195311,1.96,1953-11-01
195312,5.21,1953-12-01
195401,-5.84,1954-01-01
195402,1.04,1954-02-01
195403,2.13,1954-03-01
195404,5.08,1954-04-01
195405,-2.03,1954-05-01
195406,3.55,1954-06-01
195407,0.43,1954-07-01
195408,-0.67,1954-08-01
195409,1.66,1954-09-01
195410,0.92,1954-10-01
195411,1.87,1954-11-01
195412,-1.4,1954-12-01
195501,1.47,1955-01-01
195502,1.04,1955-02-01
195503,0.99,1955-03-01
195504,0.01,1955-04-01
195505,0.61,1955-05-01
195506,4.72,1955-06-01
195507,-1.21,1955-07-01
195508,1.75,1955-08-01
195509,1.8,1955-09-01
195510,-0.51,1955-10-01
195511,2.57,1955-11-01
195512,-1.21,1955-12-01
195601,-1.5,1956-01-01
195602,2.01,1956-02-01
195603,3.52,1956-03-01
195604,2.67,1956-04-01
195605,-1.61,1956-05-01
195606,2.67,1956-06-01
195607,2.54,1956-07-01
195608,-0.71,1956-08-01
195609,-0.77,1956-09-01
195610,2.49,1956-10-01
195611,3.42,1956-11-01
195612,3.79,1956-12-01
195701,-3.07,1957-01-01
195702,0.36,1957-02-01
195703,-0.24,1957-03-01
195704,1.0,1957-04-01
195705,0.56,1957-05-01
195706,0.72,1957-06-01
195707,-0.07,1957-07-01
195708,0.44,1957-08-01
195709,0.6,1957-09-01
195710,2.03,1957-10-01
195711,1.27,1957-11-01
195712,7.81,1957-12-01
195801,-7.57,1958-01-01
195802,3.72,1958-02-01
195803,-1.79,1958-03-01
195804,1.9,1958-04-01
195805,-1.74,1958-05-01
195806,-0.89,1958-06-01
195807,-3.58,1958-07-01
195808,0.14,1958-08-01
195809,-1.12,1958-09-01
195810,3.13,1958-10-01
195811,1.53,1958-11-01
195812,-0.71,1958-12-01
195901,-0.29,1959-01-01
195902,3.44,1959-02-01
195903,0.22,1959-03-01
195904,3.17,1959-04-01
195905,1.5,1959-05-01
195906,3.14,1959-06-01
195907,-0.35,1959-07-01
195908,-1.0,1959-08-01
195909,0.78,1959-09-01
195910,3.43,1959-10-01
195911,2.3,1959-11-01
195912,1.03,1959-12-01
196001,-3.51,1960-01-01
196002,4.0,1960-02-01
196003,1.41,1960-03-01
196004,2.84,1960-04-01
196005,4.79,1960-05-01
196006,0.89,1960-06-01
196007,-0.71,1960-07-01
196008,1.51,1960-08-01
196009,0.35,1960-09-01
196010,1.26,1960-10-01
196011,3.63,1960-11-01
196012,1.36,1960-12-01
196101,-4.0,1961-01-01
196102,1.0,1961-02-01
196103,4.32,1961-03-01
196104,3.67,1961-04-01
196105,-1.57,1961-05-01
196106,0.3,1961-06-01
196107,0.22,1961-07-01
196108,1.64,1961-08-01
196109,0.79,1961-09-01
196110,3.07,1961-10-01
196111,1.35,1961-11-01
196112,-2.18,1961-12-01
196201,-2.04,1962-01-01
196202,-1.0,1962-02-01
196203,1.89,1962-03-01
196204,2.89,1962-04-01
196205,0.41,1962-05-01
196206,6.4,1962-06-01
196207,0.5,1962-07-01
196208,-0.56,1962-08-01
196209,3.96,1962-09-01
196210,0.79,1962-10-01
196211,-7.23,1962-11-01
196212,5.9,1962-12-01
196301,-2.14,1963-01-01
196302,2.52,1963-02-01
196303,1.58,1963-03-01
196304,-0.06,1963-04-01
196305,0.29,1963-05-01
196306,1.16,1963-06-01
196307,1.01,1963-07-01
196308,1.0,1963-08-01
196309,0.12,1963-09-01
196310,3.13,1963-10-01
196311,-0.77,1963-11-01
196312,1.84,1963-12-01
196401,0.81,1964-01-01
196402,0.33,1964-02-01
196403,0.73,1964-03-01
196404,-0.64,1964-04-01
196405,2.53,1964-05-01
196406,0.47,1964-06-01
196407,-0.37,1964-07-01
196408,-0.24,1964-08-01
196409,-0.39,1964-09-01
196410,0.19,1964-10-01
196411,1.1,1964-11-01
196412,-0.7,1964-12-01
196501,-1.39,1965-01-01
196502,0.24,1965-02-01
196503,0.17,1965-03-01
196504,2.53,1965-04-01
196505,0.56,1965-05-01
196506,-3.18,1965-06-01
196507,4.09,1965-07-01
196508,2.57,1965-08-01
196509,3.28,1965-09-01
196510,3.44,1965-10-01
196511,4.41,1965-11-01
196512,-0.1,1965-12-01
196601,5.25,1966-01-01
196602,4.59,1966-02-01
196603,1.46,1966-03-01
196604,5.93,1966-04-01
196605,-4.73,1966-05-01
196606,3.24,1966-06-01
196607,-1.3,1966-07-01
196608,-2.21,1966-08-01
196609,-1.87,1966-09-01
196610,-5.2,1966-10-01
196611,5.76,1966-11-01
196612,0.99,1966-12-01
196701,-6.94,1967-01-01
196702,3.51,1967-02-01
196703,1.39,1967-03-01
196704,0.52,1967-04-01
196705,0.65,1967-05-01
196706,6.01,1967-06-01
196707,-1.08,1967-07-01
196708,-1.33,1967-08-01
196709,2.39,1967-09-01
196710,3.64,1967-10-01
196711,1.22,1967-11-01
196712,3.21,1967-12-01
196801,-4.49,1968-01-01
196802,-3.36,1968-02-01
196803,3.19,1968-03-01
196804,5.13,1968-04-01
196805,3.77,1968-05-01
196806,-2.1,1968-06-01
196807,-0.88,1968-07-01
196808,1.93,1968-08-01
196809,-0.68,1968-09-01
196810,-1.44,1968-10-01
196811,1.79,1968-11-01
196812,0.32,1968-12-01
196901,-0.13,1969-01-01
196902,-2.5,1969-02-01
196903,4.06,1969-03-01
196904,1.1,1969-04-01
196905,1.77,1969-05-01
196906,-2.3,1969-06-01
196907,1.81,1969-07-01
196908,2.1,1969-08-01
196909,2.41,1969-09-01
196910,-4.36,1969-10-01
196911,3.68,1969-11-01
196912,5.27,1969-12-01
197001,0.56,1970-01-01
197002,0.27,1970-02-01
197003,-0.37,1970-03-01
197004,-0.83,1970-04-01
197005,-2.66,1970-05-01
197006,5.63,1970-06-01
197007,-3.11,1970-07-01
197008,-6.73,1970-08-01
197009,-8.64,1970-09-01
197010,9.46,1970-10-01
197011,2.6,1970-11-01
197012,-2.29,1970-12-01
197101,-6.85,1971-01-01
197102,0.83,1971-02-01
197103,-1.36,1971-03-01
197104,1.34,1971-04-01
197105,0.93,1971-05-01
197106,2.69,1971-06-01
197107,-2.32,1971-07-01
197108,3.45,1971-08-01
197109,2.1,1971-09-01
197110,0.5,1971-10-01
197111,1.51,1971-11-01
197112,-0.61,1971-12-01
197201,0.07,1972-01-01
197202,2.53,1972-02-01
197203,2.94,1972-03-01
197204,2.79,1972-04-01
197205,3.33,1972-05-01
197206,1.9,1972-06-01
197207,2.68,1972-07-01
197208,-5.36,1972-08-01
197209,1.82,1972-09-01
197210,0.7,1972-10-01
197211,-5.08,1972-11-01
197212,4.95,1972-12-01
197301,3.82,1973-01-01
197302,2.18,1973-02-01
197303,3.55,1973-03-01
197304,6.35,1973-04-01
197305,7.18,1973-05-01
197306,4.31,1973-06-01
197307,-11.66,1973-07-01
197308,3.59,1973-08-01
197309,-6.98,1973-09-01
197310,6.78,1973-10-01
197311,8.78,1973-11-01
197312,10.16,1973-12-01
197401,-8.91,1974-01-01
197402,0.37,1974-02-01
197403,-1.0,1974-03-01
197404,2.06,1974-04-01
197405,-0.29,1974-05-01
197406,2.32,1974-06-01
197407,3.0,1974-07-01
197408,3.03,1974-08-01
197409,4.24,1974-09-01
197410,-0.52,1974-10-01
197411,2.2,1974-11-01
197412,2.98,1974-12-01
197501,-13.79,1975-01-01
197502,-0.58,1975-02-01
197503,-2.07,1975-03-01
197504,1.52,1975-04-01
197505,-0.58,1975-05-01
197506,-0.05,1975-06-01
197507,0.35,1975-07-01
197508,-0.16,1975-08-01
197509,0.4,1975-09-01
197510,-0.22,1975-10-01
197511,-0.5,1975-11-01
197512,-0.1,1975-12-01
197601,4.39,1976-01-01
197602,0.38,1976-02-01
197603,0.23,1976-03-01
197604,0.53,1976-04-01
197605,-1.06,1976-05-01
197606,-0.44,1976-06-01
197607,-0.15,1976-07-01
197608,-0.78,1976-08-01
197609,0.2,1976-09-01
197610,-0.42,1976-10-01
197611,2.81,1976-11-01
197612,0.75,1976-12-01
197701,4.05,1977-01-01
197702,0.35,1977-02-01
197703,0.68,1977-03-01
197704,4.19,1977-04-01
197705,2.01,1977-05-01
197706,1.6,1977-06-01
197707,0.4,1977-07-01
197708,-1.63,1977-08-01
197709,2.09,1977-09-01
197710,-0.11,1977-10-01
197711,2.14,1977-11-01
197712,1.6,1977-12-01
197801,-0.57,1978-01-01
197802,1.96,1978-02-01
197803,1.45,1978-03-01
197804,0.49,1978-04-01
197805,2.76,1978-05-01
197806,2.79,1978-06-01
197807,4.19,1978-07-01
197808,3.0,1978-08-01
197809,-3.19,1978-09-01
197810,-8.47,1978-10-01
197811,5.45,1978-11-01
197812,3.02,1978-12-01
197901,-1.42,1979-01-01
197902,-0.99,1979-02-01
197903,2.91,1979-03-01
197904,0.88,1979-04-01
197905,-0.58,1979-05-01
197906,0.76,1979-06-01
197907,-1.07,1979-07-01
197908,-0.29,1979-08-01
197909,5.28,1979-09-01
197910,2.06,1979-10-01
197911,8.06,1979-11-01
197912,4.73,1979-12-01
198001,7.46,1980-01-01
198002,7.91,1980-02-01
198003,-9.59,1980-03-01
198004,-0.5,1980-04-01
198005,-1.18,1980-05-01
198006,1.58,1980-06-01
198007,0.32,1980-07-01
198008,3.08,1980-08-01
198009,5.44,1980-09-01
198010,7.14,1980-10-01
198011,15.19,1980-11-01
198012,-6.69,1980-12-01
198101,-7.9,1981-01-01
198102,-1.38,1981-02-01
198103,0.83,1981-03-01
198104,-1.08,1981-04-01
198105,3.55,1981-05-01
198106,-5.69,1981-06-01
198107,-2.45,1981-07-01
198108,-1.09,1981-08-01
198109,2.13,1981-09-01
198110,3.93,1981-10-01
198111,-0.2,1981-11-01
198112,1.27,1981-12-01
198201,1.76,1982-01-01
198202,4.87,1982-02-01
198203,2.91,1982-03-01
198204,-0.46,1982-04-01
198205,2.51,1982-05-01
198206,4.88,1982-06-01
198207,4.4,1982-07-01
198208,-3.56,1982-08-01
198209,4.14,1982-09-01
198210,0.0,1982-10-01
198211,5.91,1982-11-01
198212,0.0,1982-12-01
198301,-1.64,1983-01-01
198302,3.71,1983-02-01
198303,0.88,1983-03-01
198304,1.64,1983-04-01
198305,-1.56,1983-05-01
198306,1.86,1983-06-01
198307,-3.08,1983-07-01
198308,-5.36,1983-08-01
198309,-0.01,1983-09-01
198310,-4.48,1983-10-01
198311,-0.13,1983-11-01
198312,0.82,1983-12-01
198401,-2.57,1984-01-01
198402,0.45,1984-02-01
198403,1.12,1984-03-01
198404,2.14,1984-04-01
198405,1.52,1984-05-01
198406,-0.55,1984-06-01
198407,2.78,1984-07-01
198408,-5.6,1984-08-01
198409,3.64,1984-09-01
198410,3.29,1984-10-01
198411,1.57,1984-11-01
198412,1.4,1984-12-01
198501,-6.77,1985-01-01
198502,1.86,1985-02-01
198503,1.79,1985-03-01
198504,2.95,1985-04-01
198505,4.06,1985-05-01
198506,3.39,1985-06-01
198507,-3.85,1985-07-01
198508,1.78,1985-08-01
198509,1.59,1985-09-01
198510,4.86,1985-10-01
198511,-0.58,1985-11-01
198512,-0.23,1985-12-01
198601,2.96,1986-01-01
198602,2.59,1986-02-01
198603,2.4,1986-03-01
198604,-0.34,1986-04-01
198605,2.09,1986-05-01
198606,4.95,1986-06-01
198607,1.9,1986-07-01
198608,-5.16,1986-08-01
198609,-5.69,1986-09-01
198610,4.46,1986-10-01
198611,-0.25,1986-11-01
198612,0.46,1986-12-01
198701,2.06,1987-01-01
198702,-2.23,1987-02-01
198703,1.66,1987-03-01
198704,0.21,1987-04-01
198705,-0.8,1987-05-01
198706,-0.22,1987-06-01
198707,2.58,1987-07-01
198708,-0.95,1987-08-01
198709,0.8,1987-09-01
198710,-7.72,1987-10-01
198711,-1.23,1987-11-01
198712,5.87,1987-12-01
198801,-7.36,1988-01-01
198802,-1.47,1988-02-01
198803,0.56,1988-03-01
198804,2.21,1988-04-01
198805,0.66,1988-05-01
198806,-3.02,1988-06-01
198807,0.65,1988-07-01
198808,0.36,1988-08-01
198809,0.29,1988-09-01
198810,1.31,1988-10-01
198811,0.2,1988-11-01
198812,0.32,1988-12-01
198901,-0.2,1989-01-01
198902,1.01,1989-02-01
198903,3.5,1989-03-01
198904,1.8,1989-04-01
198905,1.46,1989-05-01
198906,0.44,1989-06-01
198907,5.32,1989-07-01
198908,-0.47,1989-08-01
198909,3.49,1989-09-01
198910,1.36,1989-10-01
198911,2.68,1989-11-01
198912,2.77,1989-12-01
199001,-3.0,1990-01-01
199002,-0.51,1990-02-01
199003,1.73,1990-03-01
199004,2.31,1990-04-01
199005,3.12,1990-05-01
199006,2.51,1990-06-01
199007,6.04,1990-07-01
199008,1.96,1990-08-01
199009,5.76,1990-09-01
199010,6.71,1990-10-01
199011,-5.46,1990-11-01
199012,0.24,1990-12-01
199101,-6.45,1991-01-01
199102,-4.9,1991-02-01
199103,2.74,1991-03-01
199104,-2.33,1991-04-01
199105,-0.1,1991-05-01
199106,0.42,1991-06-01
199107,4.26,1991-07-01
199108,1.58,1991-08-01
199109,1.74,1991-09-01
199110,3.18,1991-10-01
199111,1.18,1991-11-01
199112,8.27,1991-12-01
199201,-2.49,1992-01-01
199202,-0.69,1992-02-01
199203,-0.24,1992-03-01
199204,-2.51,1992-04-01
199205,0.07,1992-05-01
199206,-0.57,1992-06-01
199207,1.53,1992-07-01
199208,-0.49,1992-08-01
199209,1.41,1992-09-01
199210,2.59,1992-10-01
199211,-0.23,1992-11-01
199212,4.46,1992-12-01
199301,4.84,1993-01-01
199302,3.12,1993-02-01
199303,3.72,1993-03-01
199304,0.36,1993-04-01
199305,0.2,1993-05-01
199306,4.55,1993-06-01
199307,3.23,1993-07-01
199308,2.59,1993-08-01
199309,3.44,1993-09-01
199310,-2.69,1993-10-01
199311,-4.8,1993-11-01
199312,2.36,1993-12-01
199401,0.1,1994-01-01
199402,-0.38,1994-02-01
199403,-1.31,1994-03-01
199404,0.34,1994-04-01
199405,-2.07,1994-05-01
199406,-0.88,1994-06-01
199407,0.12,1994-07-01
199408,1.54,1994-08-01
199409,1.31,1994-09-01
199410,1.43,1994-10-01
199411,-0.15,1994-11-01
199412,3.46,1994-12-01
199501,-1.81,1995-01-01
199502,-0.43,1995-02-01
199503,0.43,1995-03-01
199504,1.79,1995-04-01
199505,-0.54,1995-05-01
199506,3.02,1995-06-01
199507,2.54,1995-07-01
199508,0.14,1995-08-01
199509,2.87,1995-09-01
199510,4.18,1995-10-01
199511,-0.72,1995-11-01
199512,2.5,1995-12-01
199601,0.55,1996-01-01
199602,0.57,1996-02-01
199603,-1.85,1996-03-01
199604,-0.96,1996-04-01
199605,1.6,1996-05-01
199606,1.0,1996-06-01
199607,-0.15,1996-07-01
199608,-0.01,1996-08-01
199609,2.66,1996-09-01
199610,3.79,1996-10-01
199611,-2.34,1996-11-01
199612,0.58,1996-12-01
199701,1.92,1997-01-01
199702,-2.08,1997-02-01
199703,0.9,1997-03-01
199704,4.84,1997-04-01
199705,-5.2,1997-05-01
199706,2.6,1997-06-01
199707,3.69,1997-07-01
199708,-2.64,1997-08-01
199709,1.48,1997-09-01
199710,-0.54,1997-10-01
199711,0.42,1997-11-01
199712,3.93,1997-12-01
199801,0.08,1998-01-01
199802,-1.19,1998-02-01
199803,2.14,1998-03-01
199804,0.68,1998-04-01
199805,1.97,1998-05-01
199806,8.05,1998-06-01
199807,3.79,1998-07-01
199808,1.87,1998-08-01
199809,-0.69,1998-09-01
199810,-5.34,1998-10-01
199811,1.14,1998-11-01
199812,8.88,1998-12-01
199901,2.85,1999-01-01
199902,-0.08,1999-02-01
199903,-1.21,1999-03-01
199904,-8.92,1999-04-01
199905,-5.28,1999-05-01
199906,4.66,1999-06-01
199907,1.7,1999-07-01
199908,2.93,1999-08-01
199909,6.4,1999-09-01
199910,5.41,1999-10-01
199911,5.5,1999-11-01
199912,13.15,1999-12-01
200001,1.84,2000-01-01
200002,18.05,2000-02-01
200003,-6.86,2000-03-01
200004,-8.59,2000-04-01
200005,-8.93,2000-05-01
200006,16.64,2000-06-01
200007,-0.18,2000-07-01
200008,5.61,2000-08-01
200009,1.89,2000-09-01
200010,-4.51,2000-10-01
200011,-2.18,2000-11-01
200012,6.62,2000-12-01
200101,-25.36,2001-01-01
200102,12.68,2001-02-01
200103,8.58,2001-03-01
200104,-7.96,2001-04-01
200105,2.43,2001-05-01
200106,0.61,2001-06-01
200107,5.47,2001-07-01
200108,5.49,2001-08-01
200109,11.4,2001-09-01
200110,-8.4,2001-10-01
200111,-8.62,2001-11-01
200112,0.05,2001-12-01
200201,3.66,2002-01-01
200202,6.88,2002-02-01
200203,-1.66,2002-03-01
200204,7.69,2002-04-01
200205,3.12,2002-05-01
200206,6.22,2002-06-01
200207,3.65,2002-07-01
200208,1.84,2002-08-01
200209,9.0,2002-09-01
200210,-5.47,2002-10-01
200211,-16.45,2002-11-01
200212,9.71,2002-12-01
200301,1.53,2003-01-01
200302,1.21,2003-02-01
200303,1.42,2003-03-01
200304,-9.32,2003-04-01
200305,-10.72,2003-05-01
200306,-1.24,2003-06-01
200307,-0.28,2003-07-01
200308,-0.58,2003-08-01
200309,-0.07,2003-09-01
200310,4.0,2003-10-01
200311,1.37,2003-11-01
200312,-5.53,2003-12-01
200401,2.56,2004-01-01
200402,-1.18,2004-02-01
200403,0.2,2004-03-01
200404,-5.37,2004-04-01
200405,1.49,2004-05-01
200406,2.06,2004-06-01
200407,-2.24,2004-07-01
200408,-1.56,2004-08-01
200409,5.5,2004-09-01
200410,-1.49,2004-10-01
200411,3.11,2004-11-01
200412,-2.85,2004-12-01
200501,3.12,2005-01-01
200502,3.43,2005-02-01
200503,0.43,2005-03-01
200504,-0.7,2005-04-01
200505,0.37,2005-05-01
200506,2.08,2005-06-01
200507,0.05,2005-07-01
200508,2.05,2005-08-01
200509,3.46,2005-09-01
200510,-1.27,2005-10-01
200511,0.29,2005-11-01
200512,0.8,2005-12-01
200601,2.53,2006-01-01
200602,-1.82,2006-02-01
200603,1.27,2006-03-01
200604,0.61,2006-04-01
200605,-3.67,2006-05-01
200606,1.55,2006-06-01
200607,-2.05,2006-07-01
200608,-3.37,2006-08-01
200609,-0.98,2006-09-01
200610,-0.24,2006-10-01
200611,-1.01,2006-11-01
200612,0.79,2006-12-01
200701,0.25,2007-01-01
200702,-1.31,2007-02-01
200703,2.59,2007-03-01
200704,-0.21,2007-04-01
200705,-0.34,2007-05-01
200706,0.47,2007-06-01
200707,2.94,2007-07-01
200708,-0.02,2007-08-01
200709,4.44,2007-09-01
200710,4.98,2007-10-01
200711,1.09,2007-11-01
200712,6.57,2007-12-01
200801,-7.78,2008-01-01
200802,6.13,2008-02-01
200803,4.25,2008-03-01
200804,-0.31,2008-04-01
200805,3.38,2008-05-01
200806,12.73,2008-06-01
200807,-5.02,2008-07-01
200808,-4.5,2008-08-01
200809,0.78,2008-09-01
200810,7.84,2008-10-01
200811,7.26,2008-11-01
200812,-5.08,2008-12-01
200901,-2.16,2009-01-01
200902,4.34,2009-02-01
200903,-11.8,2009-03-01
200904,-34.36,2009-04-01
200905,-12.54,2009-05-01
200906,5.4,2009-06-01
200907,-5.61,2009-07-01
200908,-9.11,2009-08-01
200909,-4.83,2009-09-01
200910,2.58,2009-10-01
200911,0.39,2009-11-01
200912,2.97,2009-12-01
201001,-5.31,2010-01-01
201002,3.7,2010-02-01
201003,3.58,2010-03-01
201004,3.19,2010-04-01
201005,-0.18,2010-05-01
201006,-2.7,2010-06-01
201007,1.77,2010-07-01
201008,-0.06,2010-08-01
201009,1.35,2010-09-01
201010,1.5,2010-10-01
201011,2.71,2010-11-01
201012,-3.0,2010-12-01
201101,-0.3,2011-01-01
201102,1.89,2011-02-01
201103,3.42,2011-03-01
201104,0.06,2011-04-01
201105,-0.58,2011-05-01
201106,1.82,2011-06-01
201107,0.17,2011-07-01
201108,-0.26,2011-08-01
201109,-2.36,2011-09-01
201110,-1.45,2011-10-01
201111,3.85,2011-11-01
201112,1.83,2011-12-01
201201,-8.01,2012-01-01
201202,-0.26,2012-02-01
201203,1.32,2012-03-01
201204,3.78,2012-04-01
201205,6.45,2012-05-01
201206,-1.11,2012-06-01
201207,3.0,2012-07-01
201208,-2.34,2012-08-01
201209,-1.14,2012-09-01
201210,0.07,2012-10-01
201211,0.53,2012-11-01
201212,-2.93,2012-12-01
201301,-1.77,2013-01-01
201302,1.24,2013-02-01
201303,1.91,2013-03-01
201304,0.19,2013-04-01
201305,-2.01,2013-05-01
201306,0.58,2013-06-01
201307,1.75,2013-07-01
201308,0.05,2013-08-01
201309,3.04,2013-09-01
201310,0.07,2013-10-01
201311,0.36,2013-11-01
201312,0.02,2013-12-01
201401,1.64,2014-01-01
201402,2.16,2014-02-01
201403,-3.27,2014-03-01
201404,-3.89,2014-04-01
201405,0.88,2014-05-01
201406,0.65,2014-06-01
201407,-0.2,2014-07-01
201408,0.84,2014-08-01
201409,0.64,2014-09-01
201410,-0.27,2014-10-01
201411,0.69,2014-11-01
201412,1.05,2014-12-01
201501,3.72,2015-01-01
201502,-2.87,2015-02-01
201503,2.72,2015-03-01
201504,-7.26,2015-04-01
201505,5.76,2015-05-01
201506,3.01,2015-06-01
201507,10.04,2015-07-01
201508,-2.15,2015-08-01
201509,5.26,2015-09-01
201510,-3.29,2015-10-01
201511,2.3,2015-11-01
201512,3.33,2015-12-01
201601,1.48,2016-01-01
201602,-4.36,2016-02-01
201603,-5.04,2016-03-01
201604,-5.99,2016-04-01
201605,1.39,2016-05-01
201606,4.14,2016-06-01
201607,-3.38,2016-07-01
201608,-3.46,2016-08-01
201609,0.23,2016-09-01
201610,0.62,2016-10-01
201611,-4.74,2016-11-01
201612,-0.26,2016-12-01
201701,-0.92,2017-01-01
201702,-1.53,2017-02-01
201703,-0.96,2017-03-01
201704,0.51,2017-04-01
201705,1.49,2017-05-01
201706,-0.11,2017-06-01
201707,1.64,2017-07-01
201708,3.36,2017-08-01
201709,-1.34,2017-09-01
201710,4.24,2017-10-01
201711,-0.91,2017-11-01
201712,-1.57,2017-12-01
201801,4.06,2018-01-01
201802,3.6,2018-02-01
201803,-1.21,2018-03-01
201804,0.45,2018-04-01
201805,3.91,2018-05-01
201806,-2.29,2018-06-01
201807,-1.43,2018-07-01
201808,5.33,2018-08-01
201809,-0.1,2018-09-01
201810,-2.0,2018-10-01
201811,-1.42,2018-11-01
201812,1.75,2018-12-01
201901,-8.64,2019-01-01
201902,0.76,2019-02-01
201903,2.27,2019-03-01
201904,-2.91,2019-04-01
201905,7.56,2019-05-01
201906,-2.26,2019-06-01
201907,2.93,2019-07-01
201908,7.47,2019-08-01
201909,-6.74,2019-09-01
201910,0.13,2019-10-01
201911,-2.61,2019-11-01
201912,-2.24,2019-12-01
202001,6.02,2020-01-01
202002,-0.25,2020-02-01
202003,8.2,2020-03-01
202004,-5.61,2020-04-01
202005,0.15,2020-05-01
202006,-0.87,2020-06-01
202007,7.7,2020-07-01
202008,0.43,2020-08-01
202009,3.18,2020-09-01
202010,-3.1,2020-10-01
202011,-12.6,2020-11-01
202012,-2.26,2020-12-01
202101,4.34,2021-01-01
202102,-7.99,2021-02-01
202103,-6.1,2021-03-01
202104,1.22,2021-04-01
202105,0.56,2021-05-01
202106,2.07,2021-06-01
202107,-2.18,2021-07-01
202108,2.63,2021-08-01
202109,1.43,2021-09-01
202110,3.31,2021-10-01
202111,0.96,2021-11-01
202112,-2.4,2021-12-01
202201,-2.43,2022-01-01
202202,1.62,2022-02-01
202203,2.92,2022-03-01
202204,4.98,2022-04-01
202205,2.52,2022-05-01
202206,1.06,2022-06-01
202207,-4.41,2022-07-01
202208,1.89,2022-08-01
202209,3.71,2022-09-01
202210,3.94,2022-10-01
202211,-1.71,2022-11-01
202212,4.94,2022-12-01
202301,-16.21,2023-01-01
202302,0.52,2023-02-01
202303,-2.38,2023-03-01
202304,1.75,2023-04-01
202305,-0.88,2023-05-01
202306,-2.71,2023-06-01
202307,-3.99,2023-07-01
202308,3.9,2023-08-01
202309,0.25,2023-09-01
202310,1.69,2023-10-01
202311,2.59,2023-11-01
202312,-5.5,2023-12-01
202401,5.46,2024-01-01
202402,5.01,2024-02-01
202403,-0.32,2024-03-01
202404,-0.43,2024-04-01
202405,1.45,2024-05-01
202406,0.86,2024-06-01
202407,-2.36,2024-07-01
202408,4.86,2024-08-01
202409,-0.6,2024-09-01
202410,2.98,2024-10-01
202411,0.81,2024-11-01
202412,-0.3,2024-12-01
202501,1.01,2025-01-01
202502,-0.86,2025-02-01
202503,-2.64,2025-03-01
202504,5.01,2025-04-01
202505,2.25,2025-05-01
202506,-2.65,2025-06-01
202507,-0.94,2025-07-01
202508,-3.61,2025-08-01
202509,4.62,2025-09-01
202510,0.16,2025-10-01
202511,-1.72,2025-11-01
202512,-2.4,2025-12-01
202601,5.03,2026-01-01
202602,1.31,2026-02-01
202603,1.56,2026-03-01
202604,9.51,2026-04-01
202605,1.39,2026-05-01
202606,4.62,2026-06-01
202607,-12.2,2026-07-01
202608,-5.7,2026-08-01
