Declaration Date,Ex-Div Date,Record Date,Payable Date,Amount ($)
01/20/2026,01/21/2026,01/21/2026,01/23/2026,$0.5309
02/17/2026,02/18/2026,02/18/2026,02/20/2026,$0.5219
03/17/2026,03/18/2026,03/18/2026,03/20/2026,$0.5104
04/21/2026,04/22/2026,04/22/2026,04/24/2026,$0.5247
05/19/2026,05/20/2026,05/20/2026,05/22/2026,$0.5353
06/15/2026,06/16/2026,06/16/2026,06/18/2026,$0.5310
07/21/2026,07/22/2026,07/22/2026,07/24/2026,$0.5300
08/18/2026,08/19/2026,08/19/2026,08/21/2026,$0.5423
09/15/2026,09/16/2026,09/16/2026,09/18/2026,$0.5338
10/20/2026,10/21/2026,10/21/2026,10/23/2026,
11/17/2026,11/18/2026,11/18/2026,11/20/2026,
12/15/2026,12/16/2026,12/16/2026,12/18/2026,
