Date,open,high,low,close,volume,amount,postVol,postAmt
2025-09-30,4.734,4.75,4.72,4.741,740380927,3508639995,,
2025-10-09,4.754,4.836,4.75,4.816,897090608,4308933449,,
2025-10-10,4.787,4.794,4.704,4.719,1174642559,5581932563,,
2025-10-13,4.598,4.704,4.596,4.692,965836187,4499844601,,
2025-10-14,4.725,4.74,4.62,4.645,1161909516,5445976980,,
2025-10-15,4.648,4.715,4.627,4.706,997401276,4649845988,,
2025-10-16,4.689,4.747,4.689,4.721,812463337,3835512324,,
2025-10-17,4.715,4.724,4.612,4.624,840058205,3909864092,,
2025-10-20,4.651,4.678,4.624,4.64,764417805,3554256321,,
2025-10-21,4.656,4.723,4.652,4.71,959868519,4511371971,,
2025-10-22,4.69,4.708,4.668,4.695,554484198,2601506365,,
2025-10-23,4.687,4.719,4.642,4.713,699342841,3267824361,,
2025-10-24,4.728,4.772,4.727,4.77,865303618,4110591097,,
2025-10-27,4.808,4.831,4.796,4.826,758524912,3652922851,,
2025-10-28,4.815,4.85,4.792,4.802,725949138,3497088820,,
2025-10-29,4.81,4.864,4.81,4.862,679278356,3284668925,,
2025-10-30,4.858,4.874,4.816,4.823,816461854,3955485339,,
2025-10-31,4.819,4.826,4.755,4.756,1432568620,6851751220,,
2025-11-03,4.752,4.767,4.705,4.763,775988137,3674194550,,
2025-11-04,4.76,4.773,4.706,4.729,1201524329,5708778783,,
2025-11-05,4.692,4.751,4.668,4.735,763353285,3599158874,,
2025-11-06,4.742,4.813,4.742,4.805,732664905,3506780405,,
2025-11-07,4.79,4.812,4.774,4.795,539255553,2584816479,,
2025-11-10,4.797,4.811,4.763,4.807,448348844,2146884969,,
2025-11-11,4.814,4.824,4.757,4.763,565193563,2702663134,,
2025-11-12,4.754,4.783,4.731,4.765,523690675,2491775456,,
2025-11-13,4.757,4.815,4.752,4.812,645956059,3096198221,,
2025-11-14,4.785,4.796,4.739,4.741,593631715,2832605947,,
2025-11-17,4.73,4.74,4.691,4.71,752466929,3545084093,,
2025-11-18,4.7,4.717,4.664,4.683,856823933,4018390178,,
2025-11-19,4.678,4.717,4.678,4.697,856961494,4026545623,,
2025-11-20,4.724,4.729,4.673,4.676,561939501,2644705315,,
2025-11-21,4.645,4.654,4.562,4.564,1496400410,6884359920,,
2025-11-24,4.579,4.585,4.533,4.557,1155747722,5269730484,,
2025-11-25,4.58,4.623,4.579,4.597,895940577,4120829562,,
2025-11-26,4.6,4.646,4.594,4.626,914079306,4228349386,,
2025-11-27,4.629,4.674,4.618,4.622,479369411,2226374836,,
2025-11-28,4.621,4.642,4.603,4.635,519234054,2403092677,,
2025-12-01,4.646,4.688,4.639,4.687,578301370,2698559001,,
2025-12-02,4.686,4.686,4.651,4.666,383444900,1790231961,,
2025-12-03,4.665,4.684,4.635,4.645,395034780,1840202209,,
2025-12-04,4.648,4.671,4.628,4.657,402618836,1871831892,,
2025-12-05,4.656,4.71,4.643,4.698,687203054,3217071412,,
2025-12-08,4.711,4.754,4.709,4.732,826343751,3908784386,,
2025-12-09,4.727,4.739,4.694,4.708,700105499,3302885875,,
2025-12-10,4.7,4.709,4.658,4.702,620776436,2903153594,,
2025-12-11,4.708,4.722,4.662,4.668,619944253,2910601742,,
2025-12-12,4.678,4.702,4.648,4.694,867153920,4057237306,,
2025-12-15,4.674,4.712,4.55,4.667,691785514,3241015143,,
2025-12-16,4.66,4.667,4.601,4.62,769355001,3559031617,,
2025-12-17,4.619,4.715,4.616,4.699,1085613318,5079203142,,
2025-12-18,4.683,4.692,4.661,4.668,678018855,3169750209,,
2025-12-19,4.68,4.714,4.666,4.688,831788937,3901916782,,
2025-12-22,4.702,4.735,4.702,4.73,837121964,3956863485,,
2025-12-23,4.735,4.763,4.726,4.74,808340536,3833240598,,
2025-12-24,4.74,4.765,4.726,4.757,533429378,2531260594,,
2025-12-25,4.75,4.777,4.744,4.766,427244304,2033628744,,
2025-12-26,4.766,4.801,4.755,4.784,816080091,3902900785,,
2025-12-29,4.78,4.794,4.749,4.763,852905033,4069832489,,
2025-12-30,4.746,4.79,4.742,4.773,477224225,2275508778,,
2025-12-31,4.777,4.789,4.742,4.753,666829236,3175879377,,
2026-01-05,4.783,4.848,4.78,4.844,1017132485,4902061805,,
2026-01-06,4.85,4.92,4.848,4.919,1052301545,5141603633,,
2026-01-07,4.92,4.927,4.876,4.901,933402554,4578481053,,
2026-01-08,4.888,4.894,4.843,4.863,682719778,3324674355,,
2026-01-09,4.857,4.903,4.844,4.885,1134855258,5535581862,,
2026-01-12,4.893,4.929,4.861,4.913,1333075333,6529675045,,
2026-01-13,4.922,4.965,4.876,4.896,1271783195,6249488306,,
2026-01-14,4.896,4.949,4.841,4.866,2136722288,10465332592,,
2026-01-15,4.849,4.894,4.843,4.875,5217148860,25390672681,,
2026-01-16,4.905,4.919,4.838,4.859,5320166468,25922582412,,
2026-01-19,4.737,4.769,4.718,4.738,2913439864,13792576409,,
2026-01-20,4.735,4.751,4.688,4.724,2886765633,13613769428,,
2026-01-21,4.709,4.764,4.709,4.73,4903973986,23207895509,,
2026-01-22,4.741,4.76,4.703,4.727,4316344208,20376067887,,
2026-01-23,4.732,4.742,4.687,4.704,6769378109,31834663643,,
2026-01-26,4.712,4.76,4.694,4.712,5939852882,28002364939,,
2026-01-27,4.712,4.742,4.679,4.71,4339135015,20450057577,,
2026-01-28,4.725,4.743,4.704,4.725,8497782253,40100175381,,
2026-01-29,4.724,4.779,4.704,4.768,3545664739,16773879626,,
2026-01-30,4.736,4.758,4.642,4.711,1670274801,7860479504,,
2026-02-02,4.68,4.719,4.591,4.6,2651134391,12299263716,,
2026-02-03,4.64,4.668,4.585,4.664,1052944612,4881749326,,
2026-02-04,4.652,4.709,4.643,4.707,1052505916,4914865553,,
2026-02-05,4.68,4.695,4.645,4.679,933982876,4364498239,,
2026-02-06,4.643,4.691,4.61,4.649,881673740,4106577054,,
2026-02-09,4.695,4.73,4.686,4.727,701119504,3304026961,,
2026-02-10,4.733,4.739,4.72,4.733,680461663,3219183511,,
2026-02-11,4.727,4.732,4.714,4.723,372078690,1757895647,,
2026-02-12,4.729,4.735,4.716,4.727,398012411,1881073591,,
2026-02-13,4.714,4.714,4.667,4.671,1367357151,6405790170,,
2026-02-24,4.725,4.736,4.705,4.716,624245587,2946760847,,
2026-02-25,4.717,4.778,4.716,4.75,873403106,4148107679,,
2026-02-26,4.751,4.754,4.712,4.735,766372132,3624553287,,
2026-02-27,4.72,4.732,4.7,4.725,606245261,2859792911,,
2026-03-02,4.694,4.743,4.674,4.739,1242367525,5860854055,,
2026-03-03,4.741,4.751,4.665,4.678,966557866,4550837091,,
2026-03-04,4.64,4.65,4.587,4.61,829224020,3830984400,,
2026-03-05,4.647,4.678,4.639,4.654,568420959,2646464156,,
2026-03-06,4.64,4.682,4.624,4.667,504375859,2349185776,,
2026-03-09,4.623,4.638,4.56,4.629,838098260,3854535508,,
2026-03-10,4.642,4.689,4.641,4.683,546012517,2550822882,,
2026-03-11,4.686,4.719,4.682,4.711,593712221,2792866730,,
2026-03-12,4.711,4.711,4.665,4.694,343383626,1610201018,,
2026-03-13,4.672,4.716,4.67,4.677,325112905,1526480622,,
2026-03-16,4.675,4.686,4.632,4.68,403862701,1881524447,,
2026-03-17,4.686,4.731,4.645,4.646,723337660,3388771831,,
2026-03-18,4.652,4.67,4.616,4.662,770262709,3575798297,,
2026-03-19,4.621,4.641,4.581,4.599,772241809,3558170504,,
2026-03-20,4.598,4.635,4.573,4.576,761273568,3509938019,,
2026-03-23,4.528,4.537,4.406,4.43,1523498110,6799292790,,
2026-03-24,4.463,4.48,4.405,4.479,850435100,3784113263,,
2026-03-25,4.51,4.549,4.504,4.544,867712637,3932266869,,
2026-03-26,4.536,4.547,4.477,4.488,474242414,2139118213,,
2026-03-27,4.45,4.53,4.445,4.508,562690826,2529639239,,
2026-03-30,4.462,4.505,4.453,4.5,543994287,2434696108,,
2026-03-31,4.501,4.529,4.462,4.463,530565553,2385310576,,
2026-04-01,4.52,4.542,4.501,4.534,501228066,2267466693,,
2026-04-02,4.521,4.526,4.47,4.489,466351103,2098973595,,
2026-04-03,4.495,4.506,4.446,4.454,426109595,1903072420,,
2026-04-07,4.455,4.47,4.431,4.446,428568561,1908516206,,
2026-04-08,4.519,4.604,4.517,4.602,996884580,4550818244,,
2026-04-09,4.573,4.586,4.56,4.572,704955323,3223934997,,
2026-04-10,4.588,4.664,4.588,4.642,906387271,4203124967,,
2026-04-13,4.629,4.66,4.623,4.652,392892599,1825187755,,
2026-04-14,4.679,4.712,4.663,4.712,427657077,2005429241,,
2026-04-15,4.732,4.746,4.684,4.694,675980605,3185349113,,
2026-04-16,4.704,4.747,4.7,4.746,853234423,4036951794,,
2026-04-17,4.737,4.75,4.722,4.739,736150074,3485941360,,
2026-04-20,4.735,4.777,4.728,4.765,762457819,3627929894,,
2026-04-21,4.764,4.786,4.73,4.776,636108137,3026895923,,
2026-04-22,4.76,4.813,4.756,4.811,1012592563,4851593064,,
2026-04-23,4.82,4.834,4.772,4.801,1008518112,4848688474,,
2026-04-24,4.785,4.798,4.75,4.782,719322606,3432906825,,
2026-04-27,4.786,4.81,4.773,4.782,928036020,4443760487,,
2026-04-28,4.766,4.79,4.757,4.77,864420229,4125806962,,
2026-04-29,4.755,4.828,4.755,4.821,1279679774,6139314265,,
2026-04-30,4.83,4.841,4.808,4.824,1651786402,7965711080,,
2026-05-06,4.866,4.914,4.852,4.888,1867782757,9131466569,,
2026-05-07,4.905,4.914,4.879,4.912,2094622649,10262731527,,
2026-05-08,4.89,4.902,4.862,4.886,1253564919,6121164078,,
2026-05-11,4.911,4.98,4.9,4.966,2116521779,10456512044,,
2026-05-12,4.975,4.987,4.944,4.963,1002170459,4976355850,,
2026-05-13,4.94,5.023,4.939,5.017,1272615005,6331249194,,
2026-05-14,5.037,5.041,4.931,4.941,1028164563,5118663487,,
2026-05-15,4.935,4.954,4.852,4.878,1047902445,5135152285,,
2026-05-18,4.855,4.885,4.819,4.852,583576370,2832450612,,
2026-05-19,4.843,4.874,4.789,4.869,967499889,4670192858,,
2026-05-20,4.845,4.882,4.84,4.871,959720086,4664422387,,
2026-05-21,4.897,4.954,4.801,4.808,1205577337,5913215496,,
2026-05-22,4.828,4.868,4.807,4.862,1325051845,6421618436,,
2026-05-25,4.88,4.938,4.872,4.937,1625055928,7970991059,,
2026-05-26,4.912,4.975,4.91,4.972,968675161,4786813577,,
2026-05-27,4.963,4.993,4.913,4.932,640521540,3174582673,,
2026-05-28,4.917,4.948,4.866,4.932,439649824,2155076599,,
2026-05-29,4.946,4.978,4.9,4.923,656685445,3243446893,,
2026-06-01,4.923,4.94,4.861,4.868,499092716,2443095510,,
2026-06-02,4.867,4.956,4.856,4.936,680943744,3345673270,,
2026-06-03,4.938,5.016,4.928,4.965,760461891,3784497955,,
2026-06-04,4.919,4.961,4.91,4.926,609728284,3006706301,,
2026-06-05,4.909,4.948,4.825,4.843,618292734,3023262809,,
2026-06-08,4.79,4.808,4.705,4.739,923272364,4394322754,,
2026-06-09,4.764,4.828,4.741,4.826,436164482,2085593718,,
2026-06-10,4.79,4.814,4.751,4.784,393162295,1879211957,,
2026-06-11,4.766,4.793,4.718,4.751,416068768,1975529542,,
2026-06-12,4.81,4.846,4.789,4.818,780885896,3761995011,,
2026-06-15,4.858,4.92,4.839,4.919,1623300671,7928405421,,
2026-06-16,4.92,4.933,4.893,4.91,908529432,4467242130,,
2026-06-17,4.898,4.96,4.894,4.958,1391186980,6854308726,,
2026-06-18,4.943,5.001,4.941,4.984,1293343039,6434057084,,
2026-06-22,4.983,5.095,4.954,5.091,1913157765,9643147387,,
2026-06-23,5.079,5.095,4.915,4.942,2617335439,13121283633,,
2026-06-24,4.929,4.978,4.916,4.967,2590673409,12839317641,,
2026-06-25,4.973,5.055,4.966,5.048,2640608736,13252886361,,
2026-06-26,5.008,5.015,4.88,4.907,958242943,4730764080,,
2026-06-29,4.897,4.966,4.866,4.959,1484805733,7294621804,,
2026-06-30,4.947,5.022,4.942,5.019,2029721263,10142732805,,
2026-07-01,5.009,5.054,4.957,4.998,962619027,4820926453,,
2026-07-02,4.955,4.96,4.835,4.85,1369153610,6704066004,,
2026-07-03,4.83,4.927,4.828,4.876,1998330782,9792434457,,
2026-07-06,4.9,4.914,4.831,4.877,617991815,3016661205,31300.0,152650.0
2026-07-07,4.858,4.877,4.796,4.826,698696778,3378515920,144400.0,696874.0
2026-07-08,4.836,4.872,4.793,4.798,484684769,2337287019,946800.0,4542746.0
2026-07-09,4.813,4.925,4.777,4.916,955859248,4636438104,805600.0,3960330.0
2026-07-10,4.918,4.949,4.827,4.829,824280021,4039507185,402100.0,1941741.0
2026-07-13,4.802,4.821,4.719,4.744,1619052968,7705111563,304600.0,1445022.0
2026-07-14,4.744,4.838,4.696,4.837,1808440038,8630537927,439700.0,2126829.0
2026-07-15,4.829,4.87,4.819,4.838,722032704,3497653884,217000.0,1049846.0
2026-07-16,4.775,4.825,4.724,4.753,1657822791,7909234146,761200.0,3617984.0
2026-07-17,4.72,4.73,4.546,4.589,3164775715,14648790580,751100.0,3446798.0
2026-07-20,4.63,4.685,4.577,4.65,4010453802,18562451759,204400.0,950460.0
2026-07-21,4.677,4.789,4.617,4.787,2738832112,12894642144,1453000.0,6955511.0
2026-07-22,4.75,4.823,4.75,4.765,1265037941,6059305801,359600.0,1713494.0
2026-07-23,4.774,4.795,4.755,4.787,581178559,2775499281,561900.0,2689815.0
2026-07-24,4.75,4.759,4.699,4.701,1024763152,4844479626,368600.0,1732789.0
2026-07-27,4.702,4.758,4.674,4.753,971592730,4584814670,641600.0,3049525.0
2026-07-28,4.69,4.7,4.609,4.627,1685398667,7832309396,439800.0,2034955.0
2026-07-29,4.624,4.686,4.574,4.657,1509202712,6987965715,930500.0,4333339.0
2026-07-30,4.63,4.655,4.536,4.605,1512038903,6953209405,348800.0,1606224.0
2026-07-31,4.68,4.703,4.644,4.653,1501626267,7016550822,692500.0,3222202.0
2026-08-03,4.624,4.638,4.591,4.599,926392107,4269964026,482800.0,2220397.0
2026-08-04,4.618,4.672,4.615,4.651,1173042866,5451256791,628900.0,2925014.0
2026-08-05,4.62,4.737,4.613,4.714,1424565836,6690045414,643900.0,3035345.0
2026-08-06,4.688,4.731,4.668,4.709,878355996,4127254988,777200.0,3659835.0
2026-08-07,4.706,4.764,4.706,4.751,943535585,4474693309,362846.0,1723881.0
2026-08-10,4.755,4.772,4.72,4.759,561085163,2663755927,477100.0,2270519.0
2026-08-11,4.75,4.775,4.722,4.728,535321917,2541400132,468300.0,2214122.0
2026-08-12,4.727,4.759,4.72,4.748,901013743,4275919625,404000.0,1918192.0
2026-08-13,4.77,4.786,4.725,4.729,915582741,4364799044,592700.0,2802878.0
2026-08-14,4.737,4.742,4.701,4.726,685952984,3238306187,551600.0,2606862.0
2026-08-17,4.73,4.802,4.725,4.801,835656114,3985898570,283700.0,1362044.0
2026-08-18,4.794,4.803,4.751,4.787,657644405,3143413605,254700.0,1219249.0
2026-08-19,4.748,4.749,4.627,4.654,1532722915,7147497737,1909200.0,8885417.0
2026-08-20,4.67,4.689,4.632,4.653,748866292,3491619584,367000.0,1707651.0
2026-08-21,4.648,4.693,4.641,4.68,727384630,3400014848,203400.0,951912.0
2026-08-24,4.678,4.692,4.593,4.627,922973800,4272980684,377500.0,1746693.0
2026-08-25,4.601,4.639,4.587,4.616,745256800,3435989271,439100.0,2026886.0
2026-08-26,4.615,4.68,4.611,4.652,846320851,3935828217,899052.0,4182390.0
2026-08-27,4.659,4.694,4.649,4.691,641929734,3001316406,370600.0,1738485.0
2026-08-28,4.684,4.706,4.675,4.679,604693322,2835120646,458700.0,2146257.0
2026-08-31,4.64,4.692,4.618,4.685,673126494,3134489338,292100.0,1368489.0
2026-09-01,4.683,4.705,4.666,4.684,846798312,3962899774,277800.0,1301215.0
2026-09-02,4.65,4.654,4.601,4.62,636459777,2941487681,690000.0,3187800.0
2026-09-03,4.631,4.65,4.605,4.621,498182963,2305980422,289900.0,1339628.0
2026-09-04,4.637,4.672,4.599,4.616,841465543,3905672999,390600.0,1803010.0
2026-09-07,4.635,4.649,4.612,4.634,993078300,4602371534,324900.0,1505587.0
2026-09-08,4.638,4.657,4.61,4.624,612512220,2838526769,118600.0,548406.0
2026-09-09,4.638,4.648,4.613,4.637,573288654,2656716690,110300.0,511461.0
2026-09-10,4.617,4.64,4.599,4.617,438854072,2026289592,123200.0,568814.0
2026-09-11,4.592,4.592,4.532,4.579,966665182,4409407029,441900.0,2023460.0
2026-09-14,4.551,4.574,4.538,4.552,629177442,2863784490,360000.0,1638720.0
2026-09-15,4.541,4.568,4.515,4.523,697341799,3164632673,527300.0,2384978.0
2026-09-16,4.522,4.555,4.485,4.55,968759702,4384779786,487200.0,2216760.0
2026-09-17,4.539,4.568,4.524,4.532,507546102,2304178588,229000.0,1037828.0
2026-09-18,4.556,4.596,4.548,4.582,629721123,2877462543,351100.0,1608740.0
2026-09-21,4.586,4.615,4.581,4.608,570203884,2624224493,231700.0,1067674.0
2026-09-22,4.636,4.658,4.612,4.613,644587351,2987237086,504033.0,2325104.0
2026-09-23,4.62,4.621,4.586,4.59,636457533,2928541597,183633.0,842875.0
2026-09-24,4.578,4.579,4.512,4.515,710251931,3220888135,402600.0,1817739.0
2026-09-28,4.499,4.503,4.397,4.417,986408900,4373095288,372200.0,1644007.0
2026-09-29,4.399,4.431,4.398,4.416,468501408,2066922312,668600.0,2952538.0
