YahooTicker,rows,start,end,error
MMM,16294,1962-01-02,2026-09-29,
AOS,10833,1983-09-30,2026-09-29,
ABT,11729,1980-03-17,2026-09-29,
ABBV,3456,2013-01-02,2026-09-29,
ACN,6336,2001-07-19,2026-09-29,
ADBE,10109,1986-08-13,2026-09-29,
AMD,11729,1980-03-17,2026-09-29,
AES,8878,1991-06-26,2026-09-29,
AFL,11729,1980-03-17,2026-09-29,
A,6755,1999-11-18,2026-09-29,
APD,11729,1980-03-17,2026-09-29,
ABNB,1456,2020-12-10,2026-09-29,
AKAM,6769,1999-10-29,2026-09-29,
ALB,8205,1994-02-22,2026-09-29,
ARE,7381,1997-05-28,2026-09-29,
ALGN,6454,2001-01-30,2026-09-29,
ALLE,3234,2013-11-18,2026-09-29,
LNT,13515,1973-02-21,2026-09-29,
ALL,8388,1993-06-03,2026-09-29,
GOOGL,5563,2004-08-19,2026-09-29,
GOOG,5563,2004-08-19,2026-09-29,
MO,16294,1962-01-02,2026-09-29,
AMZN,7389,1997-05-15,2026-09-29,
AMCR,3614,2012-05-15,2026-09-29,
AEE,7229,1998-01-02,2026-09-29,
AEP,16294,1962-01-02,2026-09-29,
AXP,13695,1972-06-01,2026-09-29,
AIG,13549,1973-01-02,2026-09-29,
AMT,7191,1998-02-27,2026-09-29,
AWK,4638,2008-04-23,2026-09-29,
AMP,5292,2005-09-15,2026-09-29,
AME,10631,1984-07-19,2026-09-29,
AMGN,10906,1983-06-17,2026-09-29,
APH,8783,1991-11-08,2026-09-29,
ADI,11729,1980-03-17,2026-09-29,
AON,11676,1980-06-02,2026-09-29,
APA,11941,1979-05-15,2026-09-29,
APO,3898,2011-03-30,2026-09-29,
AAPL,11541,1980-12-12,2026-09-29,
AMAT,11729,1980-03-17,2026-09-29,
APP,1371,2021-04-15,2026-09-29,
APTV,3736,2011-11-17,2026-09-29,
ACGL,7811,1995-09-14,2026-09-29,
ADM,11729,1980-03-17,2026-09-29,
ARES,3121,2014-05-02,2026-09-29,
ANET,3097,2014-06-06,2026-09-29,
AJG,10651,1984-06-20,2026-09-29,
AIZ,5698,2004-02-05,2026-09-29,
T,10797,1983-11-21,2026-09-29,
ATO,10772,1983-12-28,2026-09-29,
ADSK,10392,1985-06-28,2026-09-29,
ADP,11729,1980-03-17,2026-09-29,
AZO,8938,1991-04-02,2026-09-29,
AVY,13515,1973-02-21,2026-09-29,
AXON,6357,2001-06-19,2026-09-29,
BKR,9946,1987-04-06,2026-09-29,
BALL,13515,1973-02-21,2026-09-29,
BAC,13515,1973-02-21,2026-09-29,
BAX,11321,1981-10-27,2026-09-29,
BDX,13515,1973-02-21,2026-09-29,
BRK-B,7646,1996-05-09,2026-09-29,
BBY,10442,1985-04-18,2026-09-29,
TECH,9478,1989-02-09,2026-09-29,
BIIB,8821,1991-09-17,2026-09-29,
BLK,6789,1999-10-01,2026-09-29,
BX,4848,2007-06-22,2026-09-29,
XYZ,2729,2015-11-19,2026-09-29,
BE,2056,2018-07-25,2026-09-29,
BNY,13465,1973-05-03,2026-09-29,
BA,16294,1962-01-02,2026-09-29,
BKNG,6917,1999-03-31,2026-09-29,
BSX,8651,1992-05-19,2026-09-29,
BMY,13695,1972-06-01,2026-09-29,
AVGO,4313,2009-08-06,2026-09-29,
BR,4912,2007-03-22,2026-09-29,
BRO,11500,1981-02-11,2026-09-29,
BF-B,11729,1980-03-17,2026-09-29,
BG,6326,2001-08-02,2026-09-29,
BXP,7366,1997-06-18,2026-09-29,
CHRW,7282,1997-10-16,2026-09-29,
CDNS,9901,1987-06-10,2026-09-29,
CPT,8354,1993-07-22,2026-09-29,
COF,8019,1994-11-16,2026-09-29,
CAH,10873,1983-08-04,2026-09-29,
CCL,9870,1987-07-24,2026-09-29,
CARR,1641,2020-03-19,2026-09-29,
CVNA,2368,2017-04-28,2026-09-29,
CASY,10819,1983-10-20,2026-09-29,
CAT,16294,1962-01-02,2026-09-29,
CBOE,4098,2010-06-15,2026-09-29,
CBRE,5611,2004-06-10,2026-09-29,
CDW,3334,2013-06-27,2026-09-29,
COR,7924,1995-04-04,2026-09-29,
CNC,6237,2001-12-13,2026-09-29,
CNP,16294,1962-01-02,2026-09-29,
CF,5316,2005-08-11,2026-09-29,
CRL,6605,2000-06-23,2026-09-29,
SCHW,9829,1987-09-22,2026-09-29,
CHTR,4209,2010-01-05,2026-09-29,
CVX,16294,1962-01-02,2026-09-29,
CMG,5201,2006-01-26,2026-09-29,
CB,8436,1993-03-25,2026-09-29,
CHD,11729,1980-03-17,2026-09-29,
CIEN,7456,1997-02-07,2026-09-29,
CI,11214,1982-03-31,2026-09-29,
CINF,11729,1980-03-17,2026-09-29,
CTAS,10862,1983-08-19,2026-09-29,
CSCO,9220,1990-02-16,2026-09-29,
C,12538,1977-01-03,2026-09-29,
CFG,3021,2014-09-24,2026-09-29,
CLX,13515,1973-02-21,2026-09-29,
CME,5990,2002-12-06,2026-09-29,
CMS,13515,1973-02-21,2026-09-29,
KO,16294,1962-01-02,2026-09-29,
CTSH,7113,1998-06-19,2026-09-29,
COHR,9821,1987-10-02,2026-09-29,
COIN,1372,2021-04-14,2026-09-29,
CL,13466,1973-05-02,2026-09-29,
CMCSA,11729,1980-03-17,2026-09-29,
FIX,7359,1997-06-27,2026-09-29,
COP,11276,1981-12-31,2026-09-29,
ED,16294,1962-01-02,2026-09-29,
STZ,8695,1992-03-17,2026-09-29,
CEG,1178,2022-01-19,2026-09-29,
COO,11008,1983-01-21,2026-09-29,
CPRT,8188,1994-03-17,2026-09-29,
GLW,11276,1981-12-31,2026-09-29,
CPAY,3970,2010-12-15,2026-09-29,
CTVA,1847,2019-05-24,2026-09-29,
CSGP,7105,1998-07-01,2026-09-29,
COST,10134,1986-07-09,2026-09-29,
CRH,9372,1989-07-13,2026-09-29,
CRWD,1835,2019-06-12,2026-09-29,
CCI,7072,1998-08-18,2026-09-29,
CSX,11568,1980-11-03,2026-09-29,
CMI,13515,1973-02-21,2026-09-29,
CVS,13515,1973-02-21,2026-09-29,
DHR,12035,1978-12-29,2026-09-29,
DRI,7900,1995-05-09,2026-09-29,
DDOG,1766,2019-09-19,2026-09-29,
DVA,7778,1995-10-31,2026-09-29,
DECK,8294,1993-10-15,2026-09-29,
DE,13695,1972-06-01,2026-09-29,
DELL,2543,2016-08-17,2026-09-29,
DAL,4883,2007-05-03,2026-09-29,
DVN,10377,1985-07-22,2026-09-29,
DXCM,5399,2005-04-14,2026-09-29,
FANG,3509,2012-10-12,2026-09-29,
DLR,5513,2004-10-29,2026-09-29,
DG,4243,2009-11-13,2026-09-29,
DLTR,7944,1995-03-07,2026-09-29,
D,11729,1980-03-17,2026-09-29,
DPZ,5590,2004-07-13,2026-09-29,
DASH,1457,2020-12-09,2026-09-29,
DOV,11729,1980-03-17,2026-09-29,
DOW,1893,2019-03-20,2026-09-29,
DHI,8639,1992-06-05,2026-09-29,
DTE,16294,1962-01-02,2026-09-29,
DUK,11729,1980-03-17,2026-09-29,
DD,13695,1972-06-01,2026-09-29,
ETN,13695,1972-06-01,2026-09-29,
EBAY,7046,1998-09-24,2026-09-29,
ECHO,4715,2008-01-02,2026-09-29,
ECL,13515,1973-02-21,2026-09-29,
EIX,13465,1973-05-03,2026-09-29,
EW,6667,2000-03-27,2026-09-29,
ELV,6268,2001-10-30,2026-09-29,
EME,7983,1995-01-10,2026-09-29,
EMR,13695,1972-06-01,2026-09-29,
ETR,13695,1972-06-01,2026-09-29,
EOG,9314,1989-10-04,2026-09-29,
EQT,11729,1980-03-17,2026-09-29,
EFX,11729,1980-03-17,2026-09-29,
EQIX,6571,2000-08-11,2026-09-29,
ERIE,7799,1995-10-02,2026-09-29,
ESS,8133,1994-06-07,2026-09-29,
EL,7765,1995-11-17,2026-09-29,
EG,7798,1995-10-03,2026-09-29,
EVRG,13515,1973-02-21,2026-09-29,
P,2761,2015-10-06,2026-09-29,
ES,13515,1973-02-21,2026-09-29,
EXC,13466,1973-05-02,2026-09-29,
EXE,1415,2021-02-10,2026-09-29,
EXPE,5331,2005-07-21,2026-09-29,
EXPD,10583,1984-09-26,2026-09-29,
EXR,5566,2004-08-16,2026-09-29,
XOM,16294,1962-01-02,2026-09-29,
FFIV,6872,1999-06-04,2026-09-29,
FDS,7611,1996-06-28,2026-09-29,
FICO,9872,1987-07-22,2026-09-29,
FAST,9851,1987-08-20,2026-09-29,
FRT,13465,1973-05-03,2026-09-29,
FDX,12217,1978-04-12,2026-09-29,
FDXF,87,2026-05-27,2026-09-29,
FERG,4209,2010-01-05,2026-09-29,
FIS,6356,2001-06-20,2026-09-29,
FITB,11729,1980-03-17,2026-09-29,
FSLR,4995,2006-11-17,2026-09-29,
FE,7265,1997-11-10,2026-09-29,
FISV,10078,1986-09-25,2026-09-29,
FLEX,8187,1994-03-18,2026-09-29,
F,13695,1972-06-01,2026-09-29,
FTNT,4240,2009-11-18,2026-09-29,
FTV,2574,2016-07-05,2026-09-29,
FOXA,1899,2019-03-12,2026-09-29,
FOX,1898,2019-03-13,2026-09-29,
BEN,10838,1983-09-23,2026-09-29,
FCX,7858,1995-07-10,2026-09-29,
GRMN,6488,2000-12-08,2026-09-29,
IT,8302,1993-10-05,2026-09-29,
GE,16294,1962-01-02,2026-09-29,
GEHC,949,2022-12-15,2026-09-29,
GEV,629,2024-03-27,2026-09-29,
GEN,9385,1989-06-23,2026-09-29,
GNRC,4183,2010-02-11,2026-09-29,
GD,16294,1962-01-02,2026-09-29,
GIS,11729,1980-03-17,2026-09-29,
GM,3988,2010-11-18,2026-09-29,
GPC,11729,1980-03-17,2026-09-29,
GILD,8733,1992-01-22,2026-09-29,
GPN,6464,2001-01-16,2026-09-29,
GL,11591,1980-10-01,2026-09-29,
GDDY,2892,2015-03-31,2026-09-29,
GS,6894,1999-05-04,2026-09-29,
HAL,13695,1972-06-01,2026-09-29,
HIG,7746,1995-12-15,2026-09-29,
HAS,11729,1980-03-17,2026-09-29,
HCA,3912,2011-03-10,2026-09-29,
DOC,10417,1985-05-23,2026-09-29,
HSIC,7775,1995-11-03,2026-09-29,
HSY,11729,1980-03-17,2026-09-29,
HPE,2752,2015-10-19,2026-09-29,
HLT,3217,2013-12-12,2026-09-29,
HD,11346,1981-09-22,2026-09-29,
HONA,74,2026-06-15,2026-09-29,
HON,16294,1962-01-02,2026-09-29,
HRL,11729,1980-03-17,2026-09-29,
HST,11729,1980-03-17,2026-09-29,
HWM,2490,2016-11-01,2026-09-29,
HPQ,16294,1962-01-02,2026-09-29,
HUBB,13572,1972-06-05,2026-09-29,
HUM,11276,1981-12-31,2026-09-29,
HBAN,11729,1980-03-17,2026-09-29,
HII,3904,2011-03-22,2026-09-29,
IBM,16294,1962-01-02,2026-09-29,
IEX,9400,1989-06-02,2026-09-29,
IDXX,8881,1991-06-21,2026-09-29,
ITW,13501,1973-03-13,2026-09-29,
ILMN,6581,2000-07-28,2026-09-29,
INCY,8280,1993-11-04,2026-09-29,
IR,2358,2017-05-12,2026-09-29,
PODD,4875,2007-05-15,2026-09-29,
INTC,11729,1980-03-17,2026-09-29,
IBKR,4882,2007-05-04,2026-09-29,
ICE,5248,2005-11-16,2026-09-29,
IFF,13054,1974-12-17,2026-09-29,
IP,16294,1962-01-02,2026-09-29,
INTU,8445,1993-03-12,2026-09-29,
ISRG,6610,2000-06-16,2026-09-29,
IVZ,7824,1995-08-25,2026-09-29,
INVH,2428,2017-02-01,2026-09-29,
IQV,3368,2013-05-09,2026-09-29,
IRM,7714,1996-02-01,2026-09-29,
JBHT,10796,1983-11-22,2026-09-29,
JBL,8410,1993-05-03,2026-09-29,
JKHY,10292,1985-11-20,2026-09-29,
J,11729,1980-03-17,2026-09-29,
JNJ,16294,1962-01-02,2026-09-29,
JCI,9825,1987-09-28,2026-09-29,
JPM,11729,1980-03-17,2026-09-29,
KVUE,854,2023-05-04,2026-09-29,
KDP,4628,2008-05-07,2026-09-29,
KEY,9797,1987-11-05,2026-09-29,
KEYS,3003,2014-10-20,2026-09-29,
KMB,11729,1980-03-17,2026-09-29,
KIM,8773,1991-11-22,2026-09-29,
KMI,3930,2011-02-11,2026-09-29,
KKR,4077,2010-07-15,2026-09-29,
KLAC,11586,1980-10-08,2026-09-29,
KHC,2826,2015-07-06,2026-09-29,
KR,16294,1962-01-02,2026-09-29,
LHX,11276,1981-12-31,2026-09-29,
LH,9192,1990-03-29,2026-09-29,
LRCX,10683,1984-05-04,2026-09-29,
LVS,5481,2004-12-15,2026-09-29,
LDOS,5018,2006-10-17,2026-09-29,
LEN,11729,1980-03-17,2026-09-29,
LII,6834,1999-07-29,2026-09-29,
LLY,13695,1972-06-01,2026-09-29,
LIN,8631,1992-06-17,2026-09-29,
LYV,5224,2005-12-21,2026-09-29,
LMT,16293,1962-01-02,2026-09-29,
L,11729,1980-03-17,2026-09-29,
LOW,11729,1980-03-17,2026-09-29,
LULU,4824,2007-07-27,2026-09-29,
LITE,2813,2015-07-23,2026-09-29,
LYB,4131,2010-04-28,2026-09-29,
MTB,11729,1980-03-17,2026-09-29,
MPC,3838,2011-06-24,2026-09-29,
MAR,7175,1998-03-23,2026-09-29,
MRSH,13515,1973-02-21,2026-09-29,
MLM,8207,1994-02-17,2026-09-29,
MRVL,6600,2000-06-30,2026-09-29,
MAS,11729,1980-03-17,2026-09-29,
MA,5118,2006-05-25,2026-09-29,
MKC,13515,1973-02-21,2026-09-29,
MCD,15159,1966-07-05,2026-09-29,
MCK,8023,1994-11-10,2026-09-29,
MDT,13466,1973-05-02,2026-09-29,
MRK,16294,1962-01-02,2026-09-29,
META,3611,2012-05-18,2026-09-29,
MET,6660,2000-04-05,2026-09-29,
MTD,7261,1997-11-14,2026-09-29,
MGM,9675,1988-05-02,2026-09-29,
MCHP,8440,1993-03-19,2026-09-29,
MU,10664,1984-06-01,2026-09-29,
MSFT,10215,1986-03-13,2026-09-29,
MAA,8221,1994-01-28,2026-09-29,
MRNA,1962,2018-12-07,2026-09-29,
MDLZ,6361,2001-06-13,2026-09-29,
MPWR,5498,2004-11-19,2026-09-29,
MNST,10280,1985-12-09,2026-09-29,
MCO,8031,1994-10-31,2026-09-29,
MS,8458,1993-02-23,2026-09-29,
MOS,9742,1988-01-26,2026-09-29,
MSI,16294,1962-01-02,2026-09-29,
MSCI,4746,2007-11-15,2026-09-29,
NDAQ,6101,2002-07-01,2026-09-29,
NTAP,7763,1995-11-21,2026-09-29,
NFLX,6127,2002-05-23,2026-09-29,
NEM,11729,1980-03-17,2026-09-29,
NWSA,3340,2013-06-19,2026-09-29,
NWS,3340,2013-06-19,2026-09-29,
NEE,13515,1973-02-21,2026-09-29,
NKE,11549,1980-12-02,2026-09-29,
NI,13515,1973-02-21,2026-09-29,
NDSN,11728,1980-03-18,2026-09-29,
NSC,11171,1982-06-02,2026-09-29,
NTRS,11729,1980-03-17,2026-09-29,
NOC,11276,1981-12-31,2026-09-29,
NCLH,3444,2013-01-18,2026-09-29,
NRG,5742,2003-12-02,2026-09-29,
NUE,11729,1980-03-17,2026-09-29,
NVDA,6964,1999-01-22,2026-09-29,
NVR,10377,1985-07-22,2026-09-29,
NXPI,4061,2010-08-06,2026-09-29,
ORLY,8416,1993-04-23,2026-09-29,
OXY,11276,1981-12-31,2026-09-29,
ODFL,8794,1991-10-24,2026-09-29,
OMC,11729,1980-03-17,2026-09-29,
ON,6642,2000-05-02,2026-09-29,
OKE,11591,1980-10-01,2026-09-29,
ORCL,10216,1986-03-12,2026-09-29,
OTIS,1641,2020-03-19,2026-09-29,
PCAR,11729,1980-03-17,2026-09-29,
PKG,6707,2000-01-28,2026-09-29,
PLTR,1506,2020-09-30,2026-09-29,
PANW,3568,2012-07-20,2026-09-29,
PSKY,5236,2005-12-05,2026-09-29,
PH,11729,1980-03-17,2026-09-29,
PAYX,10857,1983-08-26,2026-09-29,
PYPL,2826,2015-07-06,2026-09-29,
PNR,13465,1973-05-03,2026-09-29,
PEP,13695,1972-06-01,2026-09-29,
PFE,13695,1972-06-01,2026-09-29,
PCG,13695,1972-06-01,2026-09-29,
PM,4664,2008-03-17,2026-09-29,
PSX,3637,2012-04-12,2026-09-29,
PNW,13515,1973-02-21,2026-09-29,
PNC,12822,1975-11-17,2026-09-29,
PPG,11729,1980-03-17,2026-09-29,
PPL,11729,1980-03-17,2026-09-29,
PFG,6273,2001-10-23,2026-09-29,
PG,16294,1962-01-02,2026-09-29,
PGR,11729,1980-03-17,2026-09-29,
PLD,7256,1997-11-21,2026-09-29,
PRU,6237,2001-12-13,2026-09-29,
PEG,11781,1980-01-02,2026-09-29,
PTC,9268,1989-12-08,2026-09-29,
PSA,11558,1980-11-18,2026-09-29,
PHM,11729,1980-03-17,2026-09-29,
PWR,7201,1998-02-12,2026-09-29,
QCOM,8759,1991-12-13,2026-09-29,
DGX,7492,1996-12-17,2026-09-29,
Q,232,2025-10-27,2026-09-29,
RL,7370,1997-06-12,2026-09-29,
RJF,10896,1983-07-01,2026-09-29,
RDDT,633,2024-03-21,2026-09-29,
RTX,16231,1962-04-02,2026-09-29,
O,8040,1994-10-18,2026-09-29,
REG,8284,1993-10-29,2026-09-29,
REGN,8938,1991-04-02,2026-09-29,
RF,11729,1980-03-17,2026-09-29,
RSG,7105,1998-07-01,2026-09-29,
RMD,7883,1995-06-02,2026-09-29,
RVTY,13515,1973-02-21,2026-09-29,
HOOD,1298,2021-07-29,2026-09-29,
ROK,11276,1981-12-31,2026-09-29,
ROL,11729,1980-03-17,2026-09-29,
ROP,8717,1992-02-13,2026-09-29,
ROST,10364,1985-08-08,2026-09-29,
RCL,8413,1993-04-28,2026-09-29,
SPGI,13515,1973-02-21,2026-09-29,
CRM,5603,2004-06-23,2026-09-29,
SNDK,408,2025-02-13,2026-09-29,
SBAC,6864,1999-06-16,2026-09-29,
SLB,11276,1981-12-31,2026-09-29,
STX,5987,2002-12-11,2026-09-29,
SRE,7107,1998-06-29,2026-09-29,
NOW,3582,2012-06-29,2026-09-29,
SHW,11729,1980-03-17,2026-09-29,
SPG,8253,1993-12-14,2026-09-29,
SWKS,10596,1984-09-07,2026-09-29,
SJM,8031,1994-10-31,2026-09-29,
SW,4600,2008-06-17,2026-09-29,
SNA,13515,1973-02-21,2026-09-29,
SOLV,630,2024-03-26,2026-09-29,
SO,11276,1981-12-31,2026-09-29,
LUV,11781,1980-01-02,2026-09-29,
SWK,11729,1980-03-17,2026-09-29,
SBUX,8624,1992-06-26,2026-09-29,
STT,11729,1980-03-17,2026-09-29,
STLD,7508,1996-11-22,2026-09-29,
STE,8643,1992-06-01,2026-09-29,
SYK,11729,1980-03-17,2026-09-29,
SMCI,4907,2007-03-29,2026-09-29,
SYF,3059,2014-07-31,2026-09-29,
SNPS,8709,1992-02-26,2026-09-29,
SYY,13462,1973-05-08,2026-09-29,
TMUS,4893,2007-04-19,2026-09-29,
TROW,10202,1986-04-02,2026-09-29,
TTWO,7411,1997-04-15,2026-09-29,
TPR,6532,2000-10-06,2026-09-29,
TRGP,3976,2010-12-07,2026-09-29,
TGT,13515,1973-02-21,2026-09-29,
TEL,4854,2007-06-14,2026-09-29,
TDY,6752,1999-11-23,2026-09-29,
TER,13515,1973-02-21,2026-09-29,
TSLA,4088,2010-06-29,2026-09-29,
TXN,13695,1972-06-01,2026-09-29,
TPL,11729,1980-03-17,2026-09-29,
TXT,13515,1973-02-21,2026-09-29,
TMO,11729,1980-03-17,2026-09-29,
TJX,9889,1987-06-26,2026-09-29,
TKO,6777,1999-10-19,2026-09-29,
TSCO,8207,1994-02-17,2026-09-29,
TT,11729,1980-03-17,2026-09-29,
TDG,5168,2006-03-15,2026-09-29,
TRV,12822,1975-11-17,2026-09-29,
TRMB,9114,1990-07-20,2026-09-29,
TFC,11728,1980-03-18,2026-09-29,
TYL,11729,1980-03-17,2026-09-29,
TSN,11729,1980-03-17,2026-09-29,
USB,13465,1973-05-03,2026-09-29,
UBER,1857,2019-05-10,2026-09-29,
UDR,11729,1980-03-17,2026-09-29,
ULTA,4761,2007-10-25,2026-09-29,
UNP,11781,1980-01-02,2026-09-29,
UAL,5194,2006-02-06,2026-09-29,
UPS,6761,1999-11-10,2026-09-29,
URI,7238,1997-12-18,2026-09-29,
UNH,10568,1984-10-17,2026-09-29,
UHS,11398,1981-07-09,2026-09-29,
VLO,11275,1982-01-04,2026-09-29,
VEEV,3257,2013-10-16,2026-09-29,
VTR,7397,1997-05-05,2026-09-29,
VLTO,749,2023-10-04,2026-09-29,
VRSN,7210,1998-01-30,2026-09-29,
VRSK,4270,2009-10-07,2026-09-29,
VZ,10797,1983-11-21,2026-09-29,
VRTX,8859,1991-07-24,2026-09-29,
VRT,2050,2018-08-02,2026-09-29,
VTRS,11729,1980-03-17,2026-09-29,
VICI,2197,2018-01-02,2026-09-29,
V,4662,2008-03-19,2026-09-29,
VST,2509,2016-10-05,2026-09-29,
VMRK,8339,1993-08-12,2026-09-29,
VMC,13515,1973-02-21,2026-09-29,
WRB,13345,1973-10-23,2026-09-29,
GWW,13515,1973-02-21,2026-09-29,
WAB,7873,1995-06-16,2026-09-29,
WMT,13635,1972-08-25,2026-09-29,
DIS,16294,1962-01-02,2026-09-29,
WBD,5340,2005-07-08,2026-09-29,
WM,9639,1988-06-22,2026-09-29,
WAT,7765,1995-11-17,2026-09-29,
WEC,11729,1980-03-17,2026-09-29,
WFC,13695,1972-06-01,2026-09-29,
WELL,11727,1980-03-19,2026-09-29,
WST,11729,1980-03-17,2026-09-29,
WDC,12076,1978-10-31,2026-09-29,
WY,13465,1973-05-03,2026-09-29,
WSM,10893,1983-07-07,2026-09-29,
WMB,11276,1981-12-31,2026-09-29,
WTW,6362,2001-06-12,2026-09-29,
WDAY,3509,2012-10-12,2026-09-29,
WYNN,6019,2002-10-25,2026-09-29,
XEL,13515,1973-02-21,2026-09-29,
XYL,3761,2011-10-13,2026-09-29,
YUM,7303,1997-09-17,2026-09-29,
ZBRA,8843,1991-08-15,2026-09-29,
ZBH,6332,2001-07-25,2026-09-29,
ZTS,3435,2013-02-01,2026-09-29,
