Ticker,YahooTicker,Name,GICS Sector,Date added,MarketCap,CapRank
NVDA,NVDA,Nvidia,Information Technology,2001-11-30,5486440032119.751,1
AAPL,AAPL,Apple Inc.,Information Technology,1982-11-30,4807322802924.194,2
GOOGL,GOOGL,Alphabet Inc. (Class A),Communication Services,2006-04-03,4169429546804.8364,3
GOOG,GOOG,Alphabet Inc. (Class C),Communication Services,2014-04-03,4125401706767.638,4
MSFT,MSFT,Microsoft,Information Technology,1994-06-01,3779305569648.654,5
AMZN,AMZN,Amazon,Consumer Discretionary,2005-11-18,2660659949054.91,6
META,META,Meta Platforms,Communication Services,2013-12-23,1882072067992.2715,7
AVGO,AVGO,Broadcom,Information Technology,2014-05-08,1695115994197.4246,8
TSLA,TSLA,"Tesla, Inc.",Consumer Discretionary,2020-12-21,1393558288035.2854,9
MU,MU,Micron Technology,Information Technology,1994-09-27,1202894007635.545,10
BRK.B,BRK-B,Berkshire Hathaway,Financials,2010-02-16,1075385578081.7556,11
LLY,LLY,Lilly (Eli),Health Care,1970-12-31,1056383626143.9861,12
AMD,AMD,Advanced Micro Devices,Information Technology,2017-03-20,991842873224.5443,13
JPM,JPM,JPMorgan Chase,Financials,1975-06-30,890439240804.8058,14
WMT,WMT,Walmart,Consumer Staples,1982-08-31,847324122750.6721,15
V,V,Visa Inc.,Financials,2009-12-21,686886751329.6937,16
XOM,XOM,ExxonMobil,Energy,1957-03-04,663457019843.1189,17
JNJ,JNJ,Johnson & Johnson,Health Care,1973-06-30,644816585249.9146,18
INTC,INTC,Intel,Information Technology,1976-12-31,609157237301.5042,19
MA,MA,Mastercard,Financials,2008-07-18,493701696956.073,20
ABBV,ABBV,AbbVie,Health Care,2012-12-31,465264325067.5292,21
PLTR,PLTR,Palantir Technologies,Information Technology,2024-09-23,449299846939.021,22
CSCO,CSCO,Cisco,Information Technology,1993-12-01,421620249824.07623,23
ORCL,ORCL,Oracle Corporation,Information Technology,1989-08-31,417710522967.6139,24
COST,COST,Costco,Consumer Staples,1993-10-01,409839322844.1162,25
AMAT,AMAT,Applied Materials,Information Technology,1995-03-16,406329834540.405,26
LRCX,LRCX,Lam Research,Information Technology,2012-06-29,405286275545.90845,27
CVX,CVX,Chevron Corporation,Energy,1957-03-04,400912486718.261,28
BAC,BAC,Bank of America,Financials,1976-06-30,384321443738.34766,29
CAT,CAT,Caterpillar Inc.,Industrials,1957-03-04,379985656976.4789,30
KO,KO,Coca-Cola Company (The),Consumer Staples,1957-03-04,373633360505.7141,31
MRK,MRK,Merck & Co.,Health Care,1957-03-04,368299379108.9559,32
PG,PG,Procter & Gamble,Consumer Staples,1957-03-04,344498774327.6001,33
DELL,DELL,Dell Technologies,Information Technology,2024-09-23,343078218847.54944,34
UNH,UNH,UnitedHealth Group,Health Care,1994-07-01,336544214125.57367,35
GE,GE,GE Aerospace,Industrials,1957-03-04,329830762456.2396,36
PANW,PANW,Palo Alto Networks,Information Technology,2023-06-20,317719382995.60547,37
MS,MS,Morgan Stanley,Financials,1993-07-29,302742349818.5417,38
PM,PM,Philip Morris International,Consumer Staples,2008-03-31,302215136309.0785,39
NFLX,NFLX,Netflix,Communication Services,2010-12-20,292724971930.13544,40
HD,HD,Home Depot (The),Consumer Discretionary,1988-03-31,287374528398.2199,41
CRWD,CRWD,CrowdStrike,Information Technology,2024-06-24,269028630387.7163,42
GS,GS,Goldman Sachs,Financials,2002-07-22,266782888022.44922,43
TXN,TXN,Texas Instruments,Information Technology,2001-03-12,257252742898.9486,44
KLAC,KLAC,KLA Corporation,Information Technology,1997-09-30,256472924279.7345,45
GEV,GEV,GE Vernova,Industrials,2024-04-02,256343405775.77612,46
ANET,ANET,Arista Networks,Information Technology,2018-08-28,255852032863.07043,47
SNDK,SNDK,Sandisk,Information Technology,2025-11-28,253269732599.63306,48
RTX,RTX,RTX Corporation,Industrials,1957-03-04,251949910729.78516,49
TMO,TMO,Thermo Fisher Scientific,Health Care,2004-08-03,251283947622.24,50
WFC,WFC,Wells Fargo,Financials,1976-06-30,243371476712.64496,51
MRVL,MRVL,Marvell Technology,Information Technology,2026-06-22,236601953591.04623,52
AMGN,AMGN,Amgen,Health Care,1992-01-02,229033350517.61414,53
C,C,Citigroup,Financials,1988-05-31,219408736335.53082,54
LIN,LIN,Linde plc,Materials,1992-07-01,218214177508.4303,55
APH,APH,Amphenol,Information Technology,2008-09-30,207979640496.11945,56
STX,STX,Seagate Technology,Information Technology,2012-07-02,207712151414.09363,57
IBM,IBM,IBM,Information Technology,1957-03-04,207260149631.39877,58
AXP,AXP,American Express,Financials,1976-06-30,206239618876.43588,59
QCOM,QCOM,Qualcomm,Information Technology,1999-07-22,196629942175.62387,60
ADI,ADI,Analog Devices,Information Technology,1999-10-12,192963660063.81058,61
VZ,VZ,Verizon,Communication Services,1983-11-30,191036561886.05484,62
GILD,GILD,Gilead Sciences,Health Care,2004-07-01,187580414334.78287,63
CRM,CRM,Salesforce,Information Technology,2008-09-15,185430127990.72266,64
DE,DE,Deere & Company,Industrials,1957-03-04,183480092866.0,65
DIS,DIS,Walt Disney Company (The),Communication Services,1976-06-30,182010072663.1363,66
PEP,PEP,PepsiCo,Consumer Staples,1957-03-04,175647897931.27478,67
TMUS,TMUS,T-Mobile US,Communication Services,2019-07-15,174824014903.79242,68
ABT,ABT,Abbott Laboratories,Health Care,1957-03-04,174682188450.48926,69
SCHW,SCHW,Charles Schwab Corporation,Financials,1997-06-02,171377166618.64313,70
ETN,ETN,Eaton Corporation,Industrials,1957-03-04,168282063732.91016,71
WELL,WELL,Welltower,Real Estate,2009-01-30,167821216963.87747,72
T,T,AT&T,Communication Services,1983-11-30,167746397575.22678,73
MCD,MCD,McDonald's,Consumer Discretionary,1970-06-30,165573962400.00922,74
BLK,BLK,BlackRock,Financials,2011-04-04,165391067382.08936,75
PFE,PFE,Pfizer,Health Care,1957-03-04,163694621562.42474,76
WDC,WDC,Western Digital,Information Technology,2009-07-01,163498111246.1411,77
UNP,UNP,Union Pacific Corporation,Industrials,1957-03-04,162865794150.75092,78
DHR,DHR,Danaher Corporation,Health Care,1998-11-18,158952177099.00864,79
NEE,NEE,NextEra Energy,Utilities,1976-06-30,158304885007.82996,80
COP,COP,ConocoPhillips,Energy,1957-03-04,152822803212.4306,81
BA,BA,Boeing,Industrials,1957-03-04,148336639564.75708,82
ISRG,ISRG,Intuitive Surgical,Health Care,2008-06-02,147675039078.73328,83
TJX,TJX,TJX Companies,Consumer Discretionary,1985-09-30,147176532718.65442,84
UBER,UBER,Uber,Industrials,2023-12-18,141671971239.23975,85
GLW,GLW,Corning Inc.,Information Technology,1995-02-27,136710947796.25685,86
NOW,NOW,ServiceNow,Information Technology,2019-11-21,134340030804.07715,87
VRTX,VRTX,Vertex Pharmaceuticals,Health Care,2013-09-23,133505467548.11133,88
FTNT,FTNT,Fortinet,Information Technology,2018-10-11,129104259307.93602,89
BMY,BMY,Bristol Myers Squibb,Health Care,1957-03-04,128405044522.93408,90
CB,CB,Chubb Limited,Financials,2010-07-15,128116411996.30197,91
PLD,PLD,Prologis,Real Estate,2003-07-17,126023709040.95746,92
NEM,NEM,Newmont,Materials,1969-06-30,123376824152.65366,93
PH,PH,Parker Hannifin,Industrials,1985-11-30,122375703527.76672,94
PGR,PGR,Progressive Corporation,Financials,1997-08-04,122185810479.73633,95
BKNG,BKNG,Booking Holdings,Consumer Discretionary,2009-11-06,121979107618.36243,96
COF,COF,Capital One,Financials,1998-07-01,120525234999.41571,97
LMT,LMT,Lockheed Martin,Industrials,1957-03-04,118213336665.21588,98
SPGI,SPGI,S&P Global,Financials,1957-03-04,115694263598.63281,99
MO,MO,Altria,Consumer Staples,1957-03-04,114744804632.98163,100
VLO,VLO,Valero Energy,Energy,2002-12-20,111635235530.39395,101
MDT,MDT,Medtronic,Health Care,1986-10-31,111400114155.75714,102
CVS,CVS,CVS Health,Health Care,1957-03-04,111398317188.3461,103
MPC,MPC,Marathon Petroleum,Energy,2011-07-01,110091731496.08633,104
SBUX,SBUX,Starbucks,Consumer Discretionary,2000-06-07,108790200347.90039,105
ACN,ACN,Accenture,Information Technology,2011-07-06,108387183358.08142,106
SYK,SYK,Stryker Corporation,Health Care,2000-12-12,106928653819.36066,107
LOW,LOW,Lowe's,Consumer Discretionary,1984-02-29,104997997417.60423,108
HOOD,HOOD,Robinhood Markets,Financials,2025-09-22,104491342865.57254,109
ADP,ADP,Automatic Data Processing,Industrials,1981-03-31,103738650429.34497,110
APP,APP,AppLovin,Communication Services,2025-09-22,102683275219.10727,111
FCX,FCX,Freeport-McMoRan,Materials,2011-07-01,101655681767.8833,112
MCK,MCK,McKesson Corporation,Health Care,1999-01-13,100829678583.59332,113
PSX,PSX,Phillips 66,Energy,2012-05-01,100653026061.0,114
TT,TT,Trane Technologies,Industrials,2010-11-17,100240358403.68106,115
EQIX,EQIX,Equinix,Real Estate,2015-03-20,100178404572.40137,116
BNY,BNY,BNY Mellon,Financials,1995-03-31,99726535892.27756,117
PWR,PWR,Quanta Services,Industrials,2009-07-01,97992316820.0263,118
DDOG,DDOG,Datadog,Information Technology,2025-07-09,96433187568.79199,119
SO,SO,Southern Company,Utilities,1957-03-04,95997786002.07083,120
VRT,VRT,Vertiv,Industrials,2026-03-23,95607961472.9512,121
CME,CME,CME Group,Financials,2006-08-11,94648454045.79953,122
MAR,MAR,Marriott International,Consumer Discretionary,1998-05-29,94298303793.28711,123
CEG,CEG,Constellation Energy,Utilities,2022-02-02,93742641578.27463,124
HCA,HCA,HCA Healthcare,Health Care,2015-01-27,93448543502.13623,125
ADBE,ADBE,Adobe Inc.,Information Technology,1997-05-05,92685074272.15576,126
ABNB,ABNB,Airbnb,Consumer Discretionary,2023-09-18,92541372605.11996,127
HWM,HWM,Howmet Aerospace,Industrials,2016-10-21,92099196058.69623,128
USB,USB,U.S. Bancorp,Financials,1999-11-01,90585110119.48087,129
JCI,JCI,Johnson Controls,Industrials,2010-08-27,90509889338.25424,130
GD,GD,General Dynamics,Industrials,1957-03-04,89916977195.48996,131
CDNS,CDNS,Cadence Design Systems,Information Technology,2017-09-18,89274152507.90405,132
DUK,DUK,Duke Energy,Utilities,1976-06-30,89049786748.69131,133
PNC,PNC,PNC Financial Services,Financials,1988-04-30,88425861355.5911,134
EMR,EMR,Emerson Electric,Industrials,1965-03-31,87708475064.08691,135
LITE,LITE,Lumentum,Information Technology,2026-03-23,87322052124.02344,136
CSX,CSX,CSX Corporation,Industrials,1957-03-04,86936648420.14047,137
MMM,MMM,3M,Industrials,1957-03-04,86894072873.27785,138
BE,BE,Bloom Energy,Industrials,2026-09-21,85781089522.5,139
BX,BX,Blackstone Inc.,Financials,2023-09-18,85571262996.0,140
ICE,ICE,Intercontinental Exchange,Financials,2007-09-26,85438628347.12201,141
ELV,ELV,Elevance Health,Health Care,2002-07-25,85171078644.29718,142
WMB,WMB,Williams Companies,Energy,1975-03-31,83945980243.8302,143
KKR,KKR,KKR & Co.,Financials,2024-06-24,83641685575.11664,144
WM,WM,Waste Management,Industrials,1998-08-31,82777015990.75928,145
MNST,MNST,Monster Beverage,Consumer Staples,2012-06-28,81770823917.56334,146
HPE,HPE,Hewlett Packard Enterprise,Information Technology,2015-11-02,81625811488.81555,147
MRSH,MRSH,Marsh McLennan,Financials,1987-08-31,81326343418.76007,148
MRNA,MRNA,Moderna,Health Care,2021-07-21,81228536656.35674,149
DASH,DASH,DoorDash,Consumer Discretionary,2025-03-24,81069619508.0268,150
SHW,SHW,Sherwin-Williams,Materials,1964-06-30,80217004009.11127,151
UPS,UPS,United Parcel Service,Industrials,2002-07-22,79913914256.89793,152
SNPS,SNPS,Synopsys,Information Technology,2017-03-16,79546454686.34564,153
CTAS,CTAS,Cintas,Industrials,2001-03-01,79000493774.61243,154
MCO,MCO,Moody's Corporation,Financials,1998-07-01,78766176411.29541,155
AMT,AMT,American Tower,Real Estate,2007-11-19,77978416876.79443,156
ECL,ECL,Ecolab,Materials,1989-01-31,77894907546.818,157
WBD,WBD,Warner Bros. Discovery,Communication Services,2022-04-11,77345168213.09676,158
REGN,REGN,Regeneron Pharmaceuticals,Health Care,2013-05-01,77268749049.2998,159
CMCSA,CMCSA,Comcast,Communication Services,2002-11-19,76650551330.49742,160
ITW,ITW,Illinois Tool Works,Industrials,1986-02-28,76061538085.9375,161
TRV,TRV,Travelers Companies (The),Financials,2002-08-21,75756531958.36273,162
MDLZ,MDLZ,Mondelez International,Consumer Staples,2012-10-02,75710593551.7417,163
ROST,ROST,Ross Stores,Consumer Discretionary,2009-12-21,74879807034.21295,164
SLB,SLB,Schlumberger,Energy,1957-03-04,74014221344.73401,165
MSI,MSI,Motorola Solutions,Information Technology,1957-03-04,73830087894.48486,166
EOG,EOG,EOG Resources,Energy,2000-11-02,73255746641.04321,167
HLT,HLT,Hilton Worldwide,Consumer Discretionary,2017-06-19,72794995039.87488,168
GM,GM,General Motors,Consumer Discretionary,2013-06-06,72781216608.33682,169
CI,CI,Cigna,Health Care,1976-06-30,72734838756.8335,170
CMI,CMI,Cummins,Industrials,1965-03-31,71774132915.00012,171
NOC,NOC,Northrop Grumman,Industrials,1957-03-04,71686421468.85864,172
INTU,INTU,Intuit,Information Technology,2000-12-05,71627264753.78418,173
TGT,TGT,Target Corporation,Consumer Staples,1976-12-31,71065635085.11133,174
NSC,NSC,Norfolk Southern,Industrials,1957-03-04,70302420749.0,175
APO,APO,Apollo Global Management,Financials,2024-12-23,70274635921.0,176
RCL,RCL,Royal Caribbean Group,Consumer Discretionary,2014-12-05,69716738327.55554,177
ORLY,ORLY,O'Reilly Automotive,Consumer Discretionary,2009-03-27,69627255120.56476,178
CL,CL,Colgate-Palmolive,Consumer Staples,1957-03-04,68923562065.50647,179
FDX,FDX,FedEx,Industrials,1980-12-31,68035650238.35434,180
KMI,KMI,Kinder Morgan,Energy,2012-05-25,67806125308.965164,181
MPWR,MPWR,Monolithic Power Systems,Information Technology,2021-02-12,66637416090.08789,182
HON,HON,Honeywell Technologies,Industrials,1957-03-04,66598605848.85864,183
SPG,SPG,Simon Property Group,Real Estate,2002-06-26,66096737329.22989,184
DLR,DLR,Digital Realty,Real Estate,2016-05-18,65503534333.36139,185
AEP,AEP,American Electric Power,Utilities,1957-03-04,64946605754.96887,186
RSG,RSG,Republic Services,Industrials,2008-12-05,64892653737.06729,187
BSX,BSX,Boston Scientific,Health Care,1995-02-24,63592193148.824135,188
URI,URI,United Rentals,Industrials,2014-09-20,63147493422.427185,189
TER,TER,Teradyne,Information Technology,2020-09-21,63008447347.38922,190
APD,APD,Air Products,Materials,1985-04-30,62171573664.365845,191
TEL,TEL,TE Connectivity,Information Technology,2011-10-17,61547616080.29089,192
KEYS,KEYS,Keysight Technologies,Information Technology,2018-11-06,61398766245.15854,193
TDG,TDG,TransDigm Group,Industrials,2016-06-03,60792571588.98926,194
MET,MET,MetLife,Financials,2000-12-11,60497401511.07832,195
NXPI,NXPI,NXP Semiconductors,Information Technology,2021-03-22,59629262533.597595,196
PCAR,PCAR,Paccar,Industrials,1980-12-31,58847603351.73836,197
GWW,GWW,W. W. Grainger,Industrials,1981-06-30,58813535317.005615,198
COR,COR,Cencora,Health Care,2001-08-30,58698437118.71658,199
TRGP,TRGP,Targa Resources,Energy,2022-10-12,58644737839.23706,200
FIX,FIX,Comfort Systems USA,Industrials,2025-12-22,58600319219.923096,201
AON,AON,Aon plc,Financials,1996-04-23,58525405945.8891,202
AJG,AJG,Arthur J. Gallagher & Co.,Financials,2016-05-31,58381662750.0,203
AME,AME,Ametek,Industrials,2013-09-23,57494134490.46008,204
FAST,FAST,Fastenal,Industrials,2008-09-15,57328977696.514595,205
COHR,COHR,Coherent Corp.,Information Technology,2026-03-23,57224138930.28876,206
ALL,ALL,Allstate,Financials,1995-07-13,56999238626.003265,207
AFL,AFL,Aflac,Financials,1999-05-28,56982681086.65399,208
TFC,TFC,Truist Financial,Financials,1997-12-04,56732318493.07173,209
CRH,CRH,CRH plc,Materials,2025-12-22,56236498902.71512,210
GRMN,GRMN,Garmin,Consumer Discretionary,2012-12-12,55971593642.02124,211
DAL,DAL,Delta Air Lines,Industrials,2013-09-11,55812468362.3156,212
BKR,BKR,Baker Hughes,Energy,2017-07-07,55510332232.67949,213
OXY,OXY,Occidental Petroleum,Energy,1957-03-04,54920075789.946976,214
OKE,OKE,Oneok,Energy,2010-03-15,54757343757.35124,215
NUE,NUE,Nucor,Materials,1985-04-30,53597110944.50531,216
PSA,PSA,Public Storage,Real Estate,2005-08-19,53361275897.097015,217
D,D,Dominion Energy,Utilities,2016-11-30,53334453010.53996,218
NKE,NKE,"Nike, Inc.",Consumer Discretionary,1988-11-30,53168593741.88394,219
O,O,Realty Income,Real Estate,2015-04-07,52174461762.094345,220
CTVA,CTVA,Corteva,Materials,2019-06-03,51954554352.508545,221
CAH,CAH,Cardinal Health,Health Care,1997-05-27,51848453786.94565,222
FANG,FANG,Diamondback Energy,Energy,2018-12-03,51509639883.84741,223
NDAQ,NDAQ,"Nasdaq, Inc.",Financials,2008-10-22,51342070765.26822,224
DVN,DVN,Devon Energy,Energy,2000-08-30,51259998321.5332,225
SRE,SRE,Sempra,Utilities,2017-03-17,51121929406.19455,226
EW,EW,Edwards Lifesciences,Health Care,2011-04-01,50769313055.41992,227
CIEN,CIEN,Ciena,Information Technology,2026-02-09,50330683597.167206,228
COIN,COIN,Coinbase,Financials,2025-05-19,50134293235.69295,229
BDX,BDX,Becton Dickinson,Health Care,1972-09-30,49566226328.50342,230
A,A,Agilent Technologies,Health Care,2000-06-05,49352475905.19345,231
HONA,HONA,Honeywell Aerospace,Industrials,2026-06-29,49267132347.81036,232
WAB,WAB,Wabtec,Industrials,2019-02-27,49191908992.44003,233
F,F,Ford Motor Company,Consumer Discretionary,1957-03-04,49047427464.673515,234
STT,STT,State Street Corporation,Financials,2003-03-14,48836479446.3707,235
ROK,ROK,Rockwell Automation,Industrials,2000-03-12,47920835018.722534,236
ETR,ETR,Entergy,Utilities,1957-03-04,47663082624.962814,237
VMRK,VMRK,Vivmark Residential,Real Estate,2001-12-03,47471347831.30676,238
VST,VST,Vistra Corp.,Utilities,2024-05-08,47267505126.4164,239
EBAY,EBAY,eBay Inc.,Consumer Discretionary,2002-07-22,46818449592.59033,240
AZO,AZO,AutoZone,Consumer Discretionary,1997-01-02,46513062336.18164,241
HUM,HUM,Humana,Health Care,2012-12-10,46455468169.63037,242
FITB,FITB,Fifth Third Bancorp,Financials,1996-03-29,46224315094.12659,243
PYPL,PYPL,PayPal,Financials,2015-07-20,46100785977.72812,244
CVNA,CVNA,Carvana,Consumer Discretionary,2025-12-22,45801081553.34631,245
CARR,CARR,Carrier Global,Industrials,2020-04-03,45651122537.134155,246
WDAY,WDAY,"Workday, Inc.",Information Technology,2024-12-23,45589969558.71582,247
VEEV,VEEV,Veeva Systems,Health Care,2026-05-07,45102949530.355835,248
VTR,VTR,Ventas,Real Estate,2009-03-04,44580169939.15567,249
XYZ,XYZ,"Block, Inc.",Financials,2025-07-23,44488871583.480835,250
IQV,IQV,IQVIA,Health Care,2017-08-29,44275752392.578125,251
XEL,XEL,Xcel Energy,Utilities,1957-03-04,44155400616.1261,252
LHX,LHX,L3Harris,Industrials,2008-09-22,44034170472.83276,253
AMP,AMP,Ameriprise Financial,Financials,2005-10-03,43929877120.05182,254
WAT,WAT,Waters Corporation,Health Care,2002-01-02,43521863046.14624,255
P,P,Everpure,Information Technology,2026-09-21,43336205009.47887,256
FERG,FERG,Ferguson Enterprises,Industrials,2026-08-05,43308258810.196655,257
MCHP,MCHP,Microchip Technology,Information Technology,2007-09-07,42778224014.127594,258
ADSK,ADSK,Autodesk,Information Technology,1989-12-01,42464618469.23828,259
KDP,KDP,Keurig Dr Pepper,Consumer Staples,2022-06-21,42226432893.54509,260
FLEX,FLEX,Flex Ltd.,Information Technology,2026-06-22,42049141662.137054,261
IDXX,IDXX,Idexx Laboratories,Health Care,2017-01-05,42024998711.37671,262
EXC,EXC,Exelon,Utilities,1957-03-04,41879825330.5928,263
NTAP,NTAP,NetApp,Information Technology,1999-06-25,41086926027.28424,264
ILMN,ILMN,"Illumina, Inc.",Health Care,2026-09-21,41072000000.0,265
CMG,CMG,Chipotle Mexican Grill,Consumer Discretionary,2011-04-28,40418674375.98801,266
LYV,LYV,Live Nation Entertainment,Communication Services,2019-12-23,39857040857.32681,267
PRU,PRU,Prudential Financial,Financials,2002-07-22,39695699157.71484,268
AIG,AIG,American International Group,Financials,1980-03-31,39358167075.312355,269
MSCI,MSCI,MSCI,Financials,2018-04-04,39240552709.96094,270
IBKR,IBKR,Interactive Brokers,Financials,2025-08-28,39046276915.048485,271
DHI,DHI,D. R. Horton,Consumer Discretionary,2005-06-22,38990354912.63895,272
ADM,ADM,Archer Daniels Midland,Consumer Staples,1957-03-04,38267591625.61196,273
ED,ED,Consolidated Edison,Utilities,1957-03-04,38214393325.06645,274
TTWO,TTWO,Take-Two Interactive,Communication Services,2018-03-19,37915894003.29239,275
CBRE,CBRE,CBRE Group,Real Estate,2006-11-10,37888030929.86359,276
SYY,SYY,Sysco,Consumer Staples,1986-12-31,37641313351.22163,277
YUM,YUM,Yum! Brands,Consumer Discretionary,1997-10-06,37586665271.090775,278
ODFL,ODFL,Old Dominion,Industrials,2019-12-09,36797507532.28482,279
PCG,PCG,PG&E Corporation,Utilities,2022-10-03,36568829831.329666,280
UAL,UAL,United Airlines Holdings,Industrials,2015-09-03,36562780354.4541,281
KR,KR,Kroger,Consumer Staples,1957-03-04,35901887613.7001,282
PAYX,PAYX,Paychex,Industrials,1998-10-01,35352419904.53705,283
ROP,ROP,Roper Technologies,Information Technology,2009-12-23,34560911626.58606,284
KVUE,KVUE,Kenvue,Consumer Staples,2023-08-25,34401052500.883224,285
EL,EL,Estée Lauder Companies (The),Consumer Staples,2006-01-05,34142931761.499443,286
HIG,HIG,Hartford (The),Financials,1957-03-04,34089241038.382126,287
AXON,AXON,Axon Enterprise,Industrials,2023-05-04,34085593494.86557,288
MLM,MLM,Martin Marietta Materials,Materials,2014-07-02,34024675462.299255,289
CCL,CCL,Carnival Corporation,Consumer Discretionary,1998-12-22,33763161159.874893,290
PEG,PEG,Public Service Enterprise Group,Utilities,1957-03-04,33733067782.505722,291
EME,EME,Emcor,Industrials,2025-09-22,33613069151.312256,292
BIIB,BIIB,Biogen,Health Care,2003-11-13,33550501408.042603,293
WEC,WEC,WEC Energy Group,Utilities,2008-10-31,33425630304.78804,294
JBL,JBL,Jabil,Information Technology,2023-12-18,33410315073.01822,295
IRM,IRM,Iron Mountain,Real Estate,2009-01-06,33193863538.0,296
KMB,KMB,Kimberly-Clark,Consumer Staples,1957-03-04,32921998261.154526,297
DXCM,DXCM,Dexcom,Health Care,2020-05-12,32694536449.277267,298
ACGL,ACGL,Arch Capital Group,Financials,2022-11-01,32457715402.333786,299
HSY,HSY,Hershey Company (The),Consumer Staples,1957-03-04,32431411032.181732,300
RMD,RMD,ResMed|,Health Care,2017-07-26,32143741610.11386,301
EXPE,EXPE,Expedia Group,Consumer Discretionary,2007-10-02,31965478155.78543,302
STLD,STLD,Steel Dynamics,Materials,2022-12-22,31804501852.394775,303
NTRS,NTRS,Northern Trust,Financials,1998-01-30,31640351076.489075,304
VMC,VMC,Vulcan Materials Company,Materials,1999-06-30,31455238892.25,305
MTB,MTB,M&T Bank,Financials,2004-02-23,31410536985.0,306
HBAN,HBAN,Huntington Bancshares,Financials,1997-08-28,30851735317.89251,307
MTD,MTD,Mettler Toledo,Health Care,2016-09-06,30802802366.957153,308
RJF,RJF,Raymond James Financial,Financials,2017-03-20,30749020677.43271,309
CNC,CNC,Centene Corporation,Health Care,2016-03-30,30731428497.73407,310
EQT,EQT,EQT Corporation,Energy,2022-10-03,30575222748.12317,311
GEHC,GEHC,GE HealthCare,Health Care,2023-01-04,30019067894.388885,312
IR,IR,Ingersoll Rand,Industrials,2020-03-03,29674197632.408318,313
ON,ON,ON Semiconductor,Information Technology,2022-06-21,29568747469.24388,314
ZTS,ZTS,Zoetis,Health Care,2013-06-21,29049620481.658356,315
CCI,CCI,Crown Castle,Real Estate,2012-03-14,28535296163.891304,316
EXR,EXR,Extra Space Storage,Real Estate,2016-01-19,28202374457.958344,317
TDY,TDY,Teledyne Technologies,Information Technology,2020-06-22,28072533256.973328,318
RDDT,RDDT,Reddit,Communication Services,2026-08-18,27966756811.02951,319
KHC,KHC,Kraft Heinz,Consumer Staples,2015-07-06,27807568029.81173,320
AEE,AEE,Ameren,Utilities,1991-09-19,27753535912.75,321
HPQ,HPQ,HP Inc.,Information Technology,1974-12-31,27712036064.562855,322
CBOE,CBOE,Cboe Global Markets,Financials,2017-03-01,27334819223.25,323
WSM,WSM,"Williams-Sonoma, Inc.",Consumer Discretionary,2025-03-24,27084499413.833725,324
ARES,ARES,Ares Management,Financials,2025-12-11,27059447555.05606,325
DG,DG,Dollar General,Consumer Staples,2012-12-03,27056442990.946198,326
SMCI,SMCI,Supermicro,Information Technology,2024-03-18,26948720352.414886,327
CFG,CFG,Citizens Financial Group,Financials,2016-01-29,26908984728.25409,328
WTW,WTW,Willis Towers Watson,Financials,2016-01-05,26800055540.304382,329
ATO,ATO,Atmos Energy,Utilities,2019-02-15,26632596984.224274,330
WST,WST,West Pharmaceutical Services,Health Care,2020-05-22,26505623585.69165,331
FOXA,FOXA,Fox Corporation (Class A),Communication Services,2019-03-19,26346167709.533134,332
Q,Q,Qnity Electronics,Information Technology,2025-11-03,26278685213.92076,333
HAL,HAL,Halliburton,Energy,1957-03-04,26276932537.93363,334
ECHO,ECHO,EchoStar,Communication Services,2026-03-23,26141436039.660095,335
AWK,AWK,American Water Works,Utilities,2016-03-04,25795023378.672745,336
CPAY,CPAY,Corpay,Financials,2018-06-20,25784525328.808777,337
DGX,DGX,Quest Diagnostics,Health Care,2002-12-12,25603308453.933105,338
CTSH,CTSH,Cognizant,Information Technology,2006-11-17,25603248908.29233,339
DOV,DOV,Dover Corporation,Industrials,1985-10-31,25548838271.48857,340
VICI,VICI,Vici Properties,Real Estate,2022-06-08,25545000278.455513,341
DTE,DTE,DTE Energy,Utilities,1957-03-04,25467898637.903122,342
WRB,WRB,W. R. Berkley Corporation,Financials,2019-12-05,25325142481.538605,343
VRSN,VRSN,Verisign,Information Technology,2006-02-01,25297535668.945312,344
FE,FE,FirstEnergy,Utilities,1997-11-28,25251846279.306213,345
CPRT,CPRT,Copart,Industrials,2018-07-02,25140607901.89276,346
LH,LH,Labcorp,Health Care,2004-11-01,25044490802.001953,347
OTIS,OTIS,Otis Worldwide,Industrials,2020-04-03,24983327673.030434,348
INCY,INCY,Incyte,Health Care,2017-02-28,24972361688.61557,349
LVS,LVS,Las Vegas Sands,Consumer Discretionary,2019-10-03,24819909173.217285,350
FFIV,FFIV,"F5, Inc.",Information Technology,2010-12-20,24806670033.48987,351
CINF,CINF,Cincinnati Financial,Financials,1997-12-18,24729918140.254517,352
PPL,PPL,PPL Corporation,Utilities,2001-10-01,24517912297.73076,353
EXPD,EXPD,Expeditors International,Industrials,2007-10-10,24459035911.559875,354
PFG,PFG,Principal Financial Group,Financials,2002-07-22,24401506196.128204,355
CNP,CNP,CenterPoint Energy,Utilities,1985-07-31,24333126534.105347,356
HUBB,HUBB,Hubbell Incorporated,Industrials,2023-10-18,24254904826.911346,357
FISV,FISV,Fiserv,Financials,2001-04-02,24120938789.12465,358
ES,ES,Eversource Energy,Utilities,2009-07-24,24069517355.36006,359
PPG,PPG,PPG Industries,Materials,1957-03-04,23568245253.753662,360
XYL,XYL,Xylem Inc.,Industrials,2011-11-01,23565824006.41452,361
VLTO,VLTO,Veralto,Industrials,2023-10-02,23562627069.59912,362
ULTA,ULTA,Ulta Beauty,Consumer Discretionary,2016-04-18,23553414233.516235,363
FOX,FOX,Fox Corporation (Class B),Communication Services,2019-03-19,23542039088.367462,364
SYF,SYF,Synchrony Financial,Financials,2015-11-18,23335597041.9812,365
SW,SW,Smurfit Westrock,Materials,2024-07-08,23278327217.29091,366
RF,RF,Regions Financial Corporation,Financials,1998-08-28,22908383896.363495,367
TPR,TPR,"Tapestry, Inc.",Consumer Discretionary,2004-09-01,22754578841.0056,368
TPL,TPL,Texas Pacific Land Corporation,Energy,2024-11-26,22671979144.07611,369
PHM,PHM,PulteGroup,Consumer Discretionary,1984-04-30,22572632830.5,370
CHD,CHD,Church & Dwight,Consumer Staples,2015-12-29,22522510245.761124,371
TROW,TROW,T. Rowe Price,Financials,2019-07-29,22293639939.19182,372
CASY,CASY,Casey's,Consumer Staples,2026-04-09,22172405085.647827,373
DRI,DRI,Darden Restaurants,Consumer Discretionary,1995-05-31,22153132082.46039,374
GPN,GPN,Global Payments,Financials,2016-04-25,22050650923.230743,375
IFF,IFF,International Flavors & Fragrances,Materials,1976-03-31,21751534345.75,376
L,L,Loews Corporation,Financials,1995-05-31,21655028441.98639,377
VRSK,VRSK,Verisk Analytics,Industrials,2015-10-08,21598088949.0437,378
JBHT,JBHT,J.B. Hunt,Industrials,2015-07-01,21532817099.27774,379
KEY,KEY,KeyCorp,Financials,1994-03-01,21470627402.049923,380
DLTR,DLTR,Dollar Tree,Consumer Staples,2011-12-19,21258513449.30223,381
RL,RL,Ralph Lauren Corporation,Consumer Discretionary,2007-02-02,21206511304.93448,382
VTRS,VTRS,Viatris,Health Care,2004-04-23,20812467419.615814,383
PKG,PKG,Packaging Corporation of America,Materials,2017-07-26,20784851081.957428,384
BG,BG,Bunge Global,Consumer Staples,2023-03-15,20775761843.959793,385
EIX,EIX,Edison International,Utilities,1957-03-04,20610637243.70158,386
LUV,LUV,Southwest Airlines,Industrials,1994-07-01,20585881993.84697,387
STE,STE,Steris,Health Care,2019-12-23,20538397576.406555,388
NRG,NRG,NRG Energy,Utilities,2010-01-29,20426152248.20311,389
OMC,OMC,Omnicom Group,Communication Services,1997-12-31,20340009825.93251,390
BRO,BRO,Brown & Brown,Financials,2021-09-20,20277387123.625114,391
LEN,LEN,Lennar,Consumer Discretionary,2005-10-04,19996706252.027542,392
DOW,DOW,Dow Inc.,Materials,2019-04-01,19943827471.59178,393
CMS,CMS,CMS Energy,Utilities,1957-03-04,19896469518.44037,394
AMCR,AMCR,Amcor,Materials,2019-06-07,19614213574.47609,395
EXE,EXE,Expand Energy,Energy,2025-03-24,19487989028.66935,396
STZ,STZ,Constellation Brands,Consumer Staples,2005-07-01,19258683428.888138,397
FSLR,FSLR,First Solar,Information Technology,2022-12-19,19014628803.707764,398
SNA,SNA,Snap-on,Industrials,1982-09-30,18987991983.34192,399
NI,NI,NiSource,Utilities,2000-11-02,18856302985.64987,400
LYB,LYB,LyondellBasell,Materials,2012-09-05,18794348145.94336,401
BBY,BBY,Best Buy,Consumer Discretionary,1999-06-29,18613333197.5,402
NDSN,NDSN,Nordson Corporation,Industrials,2022-02-15,18354612009.98761,403
BR,BR,Broadridge Financial Solutions,Industrials,2018-06-18,18171259805.856445,404
EVRG,EVRG,Evergy,Utilities,2018-06-05,18152554225.558685,405
GIS,GIS,General Mills,Consumer Staples,1957-03-04,18083119046.906433,406
TSN,TSN,Tyson Foods,Consumer Staples,2005-08-10,17934840920.71805,407
ZBRA,ZBRA,Zebra Technologies,Information Technology,2019-12-23,17787388897.95227,408
IP,IP,International Paper,Materials,1957-03-04,17645268739.788094,409
ESS,ESS,Essex Property Trust,Real Estate,2014-04-02,17605053024.553894,410
DD,DD,DuPont,Industrials,2019-06-03,17571791247.610474,411
CF,CF,CF Industries,Materials,2008-08-27,17511334883.745804,412
GPC,GPC,Genuine Parts Company,Consumer Discretionary,1973-12-31,17501295857.385406,413
CHRW,CHRW,C.H. Robinson,Industrials,2007-03-02,17493802619.703827,414
ZBH,ZBH,Zimmer Biomet,Health Care,2001-08-07,17421979814.75772,415
SBAC,SBAC,SBA Communications,Real Estate,2017-09-01,17272204930.095825,416
FIS,FIS,Fidelity National Information Services,Financials,2006-11-10,17198791545.04522,417
RVTY,RVTY,Revvity,Health Care,1985-05-31,17047054957.51854,418
NWS,NWS,News Corp (Class B),Communication Services,2015-09-18,16995181297.5,419
IEX,IEX,IDEX Corporation,Industrials,2019-08-09,16987275095.339355,420
FDXF,FDXF,FedEx Freight,Industrials,2026-06-01,16755001618.945496,421
FTV,FTV,Fortive,Industrials,2016-07-01,16734764805.235855,422
LNT,LNT,Alliant Energy,Utilities,2016-07-01,16682376584.131073,423
NVR,NVR,"NVR, Inc.",Consumer Discretionary,2019-09-26,16614415789.511719,424
BEN,BEN,Franklin Resources,Financials,1998-04-30,16598871719.383392,425
EFX,EFX,Equifax,Industrials,1997-06-19,16545398118.80127,426
TSCO,TSCO,Tractor Supply,Consumer Discretionary,2014-01-24,16417974836.126623,427
CDW,CDW,CDW Corporation,Information Technology,2019-09-23,16216011165.810394,428
J,J,Jacobs Solutions,Industrials,2007-10-26,15973429129.237106,429
INVH,INVH,Invitation Homes,Real Estate,2022-09-19,15692858934.576096,430
AKAM,AKAM,Akamai Technologies,Information Technology,2007-07-12,15586065807.461716,431
LDOS,LDOS,Leidos,Industrials,2019-08-09,15448090736.414085,432
NWSA,NWSA,News Corp (Class A),Communication Services,2013-08-01,15387383440.777035,433
HST,HST,Host Hotels & Resorts,Real Estate,2007-03-20,15374191879.455904,434
SOLV,SOLV,Solventum,Health Care,2024-04-01,15204383422.33184,435
KIM,KIM,Kimco Realty,Real Estate,2006-04-04,15039097793.837168,436
BALL,BALL,Ball Corporation,Materials,1984-10-31,14995445577.955269,437
PTC,PTC,PTC Inc.,Information Technology,2021-04-20,14926120998.252136,438
APA,APA,APA Corporation,Energy,1997-07-28,14781329725.765419,439
ROL,ROL,"Rollins, Inc.",Industrials,2018-10-01,14674934822.0,440
EG,EG,Everest Group,Financials,2017-06-19,14141183632.92981,441
CRL,CRL,Charles River Laboratories,Health Care,2021-05-14,14128796149.195068,442
WY,WY,Weyerhaeuser,Real Estate,1979-10-01,14096382455.838146,443
DOC,DOC,Healthpeak Properties,Real Estate,2008-03-31,13880183165.125694,444
MAA,MAA,Mid-America Apartment Communities,Real Estate,2016-12-02,13740480402.917091,445
MAS,MAS,Masco,Industrials,1981-06-30,13481705130.691452,446
IVZ,IVZ,Invesco,Financials,2008-08-21,13430423341.28376,447
SWK,SWK,Stanley Black & Decker,Industrials,1982-09-30,13408767692.649864,448
TRMB,TRMB,Trimble Inc.,Information Technology,2021-01-21,13366614535.029995,449
TXT,TXT,Textron,Industrials,1978-12-31,13351343894.333824,450
FICO,FICO,Fair Isaac,Information Technology,2023-03-20,13344530631.992798,451
REG,REG,Regency Centers,Real Estate,2017-03-02,13305539615.627472,452
SWKS,SWKS,Skyworks Solutions,Information Technology,2015-03-12,13247623865.041946,453
ALLE,ALLE,Allegion,Industrials,2013-12-02,13217267025.151978,454
MKC,MKC,McCormick & Company,Consumer Staples,2003-03-20,13012415527.034912,455
AIZ,AIZ,Assurant,Financials,2007-04-10,13004210868.501617,456
TKO,TKO,TKO Group Holdings,Communication Services,2025-03-24,12983068916.710419,457
TYL,TYL,Tyler Technologies,Information Technology,2020-06-22,12951566575.16455,458
AVY,AVY,Avery Dennison,Materials,1987-12-31,12943098798.245178,459
SJM,SJM,J.M. Smucker Company (The),Consumer Staples,2008-11-06,12893557862.101517,460
GL,GL,Globe Life,Financials,1989-04-30,12763156298.47554,461
ALB,ALB,Albemarle Corporation,Materials,2016-07-01,12699704558.45057,462
CHTR,CHTR,Charter Communications,Communication Services,2016-09-08,12667022050.41188,463
GNRC,GNRC,Generac,Industrials,2021-03-22,12534548357.79953,464
GEN,GEN,Gen Digital,Information Technology,2003-03-25,12480539845.542831,465
HAS,HAS,Hasbro,Consumer Discretionary,1984-09-30,12448584958.723488,466
LII,LII,Lennox International,Industrials,2024-12-23,12447372834.564972,467
BAX,BAX,Baxter International,Health Care,1972-09-30,12139065819.858013,468
BF.B,BF-B,Brown–Forman,Consumer Staples,1982-10-31,12063541946.952782,469
GDDY,GDDY,GoDaddy,Information Technology,2024-06-24,11912482729.041504,470
IT,IT,Gartner,Information Technology,2017-04-05,11736237575.030762,471
ERIE,ERIE,Erie Indemnity,Financials,2024-09-23,11630834956.257568,472
CPT,CPT,Camden Property Trust,Real Estate,2022-04-04,11395029523.92366,473
TECH,TECH,Bio-Techne,Health Care,2021-08-30,11350503635.725845,474
PNW,PNW,Pinnacle West Capital,Utilities,1999-10-04,11319821840.532303,475
PSKY,PSKY,Paramount Skydance Corporation,Communication Services,1994-09-30,11208238075.41699,476
DVA,DVA,DaVita,Health Care,2008-07-31,11177122155.761719,477
HRL,HRL,Hormel Foods,Consumer Staples,2009-03-04,10924463589.94217,478
CSGP,CSGP,CoStar Group,Real Estate,2022-09-19,10920075305.741226,479
UDR,UDR,"UDR, Inc.",Real Estate,2016-03-07,10906920582.00515,480
COO,COO,Cooper Companies (The),Health Care,2016-09-23,10768494502.327766,481
LULU,LULU,Lululemon Athletica,Consumer Discretionary,2023-10-18,10724480425.824165,482
AES,AES,AES Corporation,Utilities,1998-10-02,10601697796.860285,483
DECK,DECK,Deckers Brands,Consumer Discretionary,2024-03-18,10578606693.319405,484
UHS,UHS,Universal Health Services,Health Care,2014-09-20,10356913529.146042,485
JKHY,JKHY,Jack Henry & Associates,Financials,2018-11-13,10251865627.34668,486
HII,HII,Huntington Ingalls Industries,Industrials,2018-01-03,10231010401.935791,487
ALGN,ALGN,Align Technology,Health Care,2017-06-19,10230448696.286438,488
DPZ,DPZ,Domino's,Consumer Discretionary,2020-05-12,9984398359.584045,489
CLX,CLX,Clorox,Consumer Staples,1969-03-31,9867969823.47393,490
BXP,BXP,"BXP, Inc.",Real Estate,2006-04-03,9852714474.58548,491
FRT,FRT,Federal Realty Investment Trust,Real Estate,2016-02-01,9504802205.837082,492
HSIC,HSIC,Henry Schein,Health Care,2015-03-17,9469612809.783142,493
FDS,FDS,FactSet,Financials,2021-12-20,9245974257.12497,494
PODD,PODD,Insulet Corporation,Health Care,2023-03-15,9213011541.177338,495
APTV,APTV,Aptiv,Consumer Discretionary,2012-12-24,9005057343.693676,496
PNR,PNR,Pentair,Industrials,2012-10-01,8533812194.824219,497
ARE,ARE,Alexandria Real Estate Equities,Real Estate,2017-03-20,8341458286.267242,498
MGM,MGM,MGM Resorts,Consumer Discretionary,2017-07-26,8064431044.319401,499
WYNN,WYNN,Wynn Resorts,Consumer Discretionary,2008-11-14,8055647838.606514,500
AOS,AOS,A. O. Smith,Industrials,2017-07-26,7885415467.674007,501
MOS,MOS,Mosaic Company (The),Materials,2011-09-26,7127220407.573513,502
NCLH,NCLH,Norwegian Cruise Line Holdings,Consumer Discretionary,2017-10-13,6795980208.383131,503
