Code,Name,Exchange,Index,YahooTicker,MarketCapCNY,CapRank
601398,工商银行,上海证券交易所,沪深300,601398.SS,2951043713526.1816,1
601939,建设银行,上海证券交易所,沪深300,601939.SS,2893300328708.4287,2
601288,农业银行,上海证券交易所,沪深300,601288.SS,2439381672665.4473,3
601988,中国银行,上海证券交易所,沪深300,601988.SS,2168489537653.934,4
600941,中国移动,上海证券交易所,沪深300,600941.SS,2077298173916.7896,5
601857,中国石油,上海证券交易所,沪深300,601857.SS,2051665168321.4763,6
600938,中国海油,上海证券交易所,沪深300,600938.SS,1588450975115.335,7
600519,贵州茅台,上海证券交易所,沪深300,600519.SS,1573377698546.706,8
300750,宁德时代,深圳证券交易所,沪深300,300750.SZ,1347038588309.4822,9
601138,工业富联,上海证券交易所,沪深300,601138.SS,1154926186068.6409,10
600036,招商银行,上海证券交易所,沪深300,600036.SS,1040570787166.5865,11
601628,中国人寿,上海证券交易所,沪深300,601628.SS,1037314695064.2585,12
601088,中国神华,上海证券交易所,沪深300,601088.SS,1036754943183.4749,13
601318,中国平安,上海证券交易所,沪深300,601318.SS,964956258491.5914,14
688981,中芯国际,上海证券交易所,沪深300,688981.SS,958897064444.9464,15
300308,中际旭创,深圳证券交易所,沪深300,300308.SZ,945660276025.8374,16
601899,紫金矿业,上海证券交易所,沪深300,601899.SS,792137412933.9064,17
002594,比亚迪,深圳证券交易所,沪深300,002594.SZ,759553706881.367,18
600900,长江电力,上海证券交易所,沪深300,600900.SS,698322956015.9624,19
601328,交通银行,上海证券交易所,沪深300,601328.SS,684819327728.25,20
601658,邮储银行,上海证券交易所,沪深300,601658.SS,655718996647.5828,21
600028,中国石化,上海证券交易所,沪深300,600028.SS,637365611354.7928,22
688256,寒武纪,上海证券交易所,沪深300,688256.SS,634519988753.2324,23
000333,美的集团,深圳证券交易所,沪深300,000333.SZ,611149554065.8999,24
601728,中国电信,上海证券交易所,沪深300,601728.SS,574664850228.6818,25
300502,新易盛,深圳证券交易所,沪深300,300502.SZ,542552800364.0,26
688041,海光信息,上海证券交易所,沪深300,688041.SS,527159886132.11694,27
603259,药明康德,上海证券交易所,沪深300,603259.SS,507860835290.28937,28
601998,中信银行,上海证券交易所,沪深300,601998.SS,506370997829.34485,29
002371,北方华创,深圳证券交易所,沪深300,002371.SZ,447002755263.5742,30
600030,中信证券,上海证券交易所,沪深300,600030.SS,404043688938.61896,31
688235,百济神州,上海证券交易所,中证500,688235.SS,388838204377.63446,32
002475,立讯精密,深圳证券交易所,沪深300,002475.SZ,382602032480.70593,33
601166,兴业银行,上海证券交易所,沪深300,601166.SS,381989598063.66956,34
688347,华虹宏力,上海证券交易所,中证500,688347.SS,361284739826.8934,35
603993,洛阳钼业,上海证券交易所,沪深300,603993.SS,361135937816.06036,36
601319,中国人保,上海证券交易所,沪深300,601319.SS,352907445695.8457,37
601869,长飞光纤,上海证券交易所,中证500,601869.SS,337934507215.1864,38
600000,浦发银行,上海证券交易所,沪深300,600000.SS,315739331837.7972,39
600183,生益科技,上海证券交易所,沪深300,600183.SS,315688351439.58386,40
600276,恒瑞医药,上海证券交易所,沪深300,600276.SS,313275839116.58167,41
002384,东山精密,深圳证券交易所,沪深300,002384.SZ,306611089677.5548,42
688012,中微公司,上海证券交易所,沪深300,688012.SS,305120668262.9885,43
601601,中国太保,上海证券交易所,沪深300,601601.SS,298807800454.48334,44
002415,海康威视,深圳证券交易所,沪深300,002415.SZ,297491722122.3095,45
601211,国泰海通,上海证券交易所,沪深300,601211.SS,296592462337.37103,46
600150,中国船舶,上海证券交易所,沪深300,600150.SS,294251780877.6132,47
300394,天孚通信,深圳证券交易所,沪深300,300394.SZ,284454447517.44763,48
300059,东方财富,深圳证券交易所,沪深300,300059.SZ,281476950261.9066,49
000858,五 粮 液,深圳证券交易所,沪深300,000858.SZ,271945447353.71796,50
002916,深南电路,深圳证券交易所,沪深300,002916.SZ,254081958252.96753,51
601225,陕西煤业,上海证券交易所,沪深300,601225.SS,252360856657.0282,52
603986,兆易创新,上海证券交易所,沪深300,603986.SS,249135483718.5994,53
601919,中远海控,上海证券交易所,沪深300,601919.SS,249120399937.5024,54
688008,澜起科技,上海证券交易所,沪深300,688008.SS,246927044048.68085,55
002714,牧原股份,深圳证券交易所,沪深300,002714.SZ,245063690717.24652,56
300408,三环集团,深圳证券交易所,沪深300,300408.SZ,234274993591.53088,57
002142,宁波银行,深圳证券交易所,沪深300,002142.SZ,233965223775.81598,58
601816,京沪高铁,上海证券交易所,沪深300,601816.SS,232886244999.39932,59
600919,江苏银行,上海证券交易所,沪深300,600919.SS,227189398952.08243,60
000001,平安银行,深圳证券交易所,沪深300,000001.SZ,224526467628.64374,61
002463,沪电股份,深圳证券交易所,沪深300,002463.SZ,223091465431.67914,62
000338,潍柴动力,深圳证券交易所,沪深300,000338.SZ,216869540883.0826,63
600309,万华化学,上海证券交易所,沪深300,600309.SS,215689499808.1206,64
000651,格力电器,深圳证券交易所,沪深300,000651.SZ,214421804927.8265,65
003816,中国广核,深圳证券交易所,沪深300,003816.SZ,213609949095.3383,66
000725,京东方A,深圳证券交易所,沪深300,000725.SZ,211893548753.87067,67
300476,胜宏科技,深圳证券交易所,沪深300,300476.SZ,206679649173.12122,68
688498,源杰科技,上海证券交易所,中证500,688498.SS,200819108101.0,69
300760,迈瑞医疗,深圳证券交易所,沪深300,300760.SZ,195487493084.4041,70
600188,兖矿能源,上海证券交易所,沪深300,600188.SS,195116408629.05728,71
603288,海天味业,上海证券交易所,沪深300,603288.SS,194079153395.89655,72
600690,海尔智家,上海证券交易所,沪深300,600690.SS,189969061018.6493,73
688072,拓荆科技,上海证券交易所,沪深300,688072.SS,186990892800.0,74
601985,中国核电,上海证券交易所,沪深300,601985.SS,186551772534.3239,75
002938,鹏鼎控股,深圳证券交易所,沪深300,002938.SZ,184360048216.4606,76
600025,华能水电,上海证券交易所,沪深300,600025.SS,184261528598.2086,77
601898,中煤能源,上海证券交易所,沪深300,601898.SS,182969557448.88934,78
600406,国电南瑞,上海证券交易所,沪深300,600406.SS,180875152309.76617,79
601818,光大银行,上海证券交易所,沪深300,601818.SS,179620072971.5051,80
601668,中国建筑,上海证券交易所,沪深300,601668.SS,179330500831.95123,81
601766,中国中车,上海证券交易所,沪深300,601766.SS,177645970346.88217,82
601336,新华保险,上海证券交易所,沪深300,601336.SS,175786446149.94965,83
600887,伊利股份,上海证券交易所,沪深300,600887.SS,172682341383.2328,84
300274,阳光电源,深圳证券交易所,沪深300,300274.SZ,171019205936.9026,85
300433,蓝思科技,深圳证券交易所,沪深300,300433.SZ,170556124758.94742,86
600989,宝丰能源,上海证券交易所,沪深300,600989.SS,164707258886.1084,87
601872,招商轮船,上海证券交易所,沪深300,601872.SS,162701947735.108,88
600930,华电新能,上海证券交易所,沪深300,600930.SS,161851433344.14114,89
600031,三一重工,上海证券交易所,沪深300,600031.SS,160820625498.56052,90
601688,华泰证券,上海证券交易所,沪深300,601688.SS,160678168503.8495,91
601600,中国铝业,上海证券交易所,沪深300,601600.SS,160235924309.06747,92
600176,中国巨石,上海证券交易所,沪深300,600176.SS,157763617839.6498,93
002352,顺丰控股,深圳证券交易所,沪深300,002352.SZ,156574891941.7519,94
000776,广发证券,深圳证券交易所,沪深300,000776.SZ,155557922191.80832,95
300604,长川科技,深圳证券交易所,中证500,300604.SZ,154804149964.9069,96
302132,中航成飞,深圳证券交易所,沪深300,302132.SZ,154339993392.74335,97
600016,民生银行,上海证券交易所,沪深300,600016.SS,153676288524.47833,98
002050,三花智控,深圳证券交易所,沪深300,002050.SZ,150268173766.2982,99
601066,中信建投,上海证券交易所,沪深300,601066.SS,149595308396.27335,100
600999,招商证券,上海证券交易所,沪深300,600999.SS,148449709924.45062,101
300033,同花顺,深圳证券交易所,沪深300,300033.SZ,148315236562.5,102
601009,南京银行,上海证券交易所,沪深300,601009.SS,148115529935.50806,103
601995,中金公司,上海证券交易所,沪深300,601995.SS,147858873815.6448,104
000063,中兴通讯,深圳证券交易所,沪深300,000063.SZ,146280496479.50525,105
600362,江西铜业,上海证券交易所,沪深300,600362.SS,144742086487.14713,106
688082,盛美上海,上海证券交易所,沪深300,688082.SS,142804170291.5539,107
600809,山西汾酒,上海证券交易所,沪深300,600809.SS,141027862201.6823,108
300124,汇川技术,深圳证券交易所,沪深300,300124.SZ,140637621115.39716,109
301377,鼎泰高科,深圳证券交易所,中证500,301377.SZ,140291810494.0,110
600660,福耀玻璃,上海证券交易所,沪深300,600660.SS,139830063223.14313,111
301308,江波龙,深圳证券交易所,沪深300,301308.SZ,138784415499.4372,112
601229,上海银行,上海证券交易所,沪深300,601229.SS,138538127685.75,113
002281,光迅科技,深圳证券交易所,中证500,002281.SZ,136495720451.67065,114
002493,荣盛石化,深圳证券交易所,沪深300,002493.SZ,133159264483.68604,115
600050,中国联通,上海证券交易所,沪深300,600050.SS,132248519729.53159,116
300999,金龙鱼,深圳证券交易所,沪深300,300999.SZ,130660358085.77304,117
600019,宝钢股份,上海证券交易所,沪深300,600019.SS,129167758822.42734,118
600111,北方稀土,上海证券交易所,沪深300,600111.SS,127611821464.52365,119
600018,上港集团,上海证券交易所,沪深300,600018.SS,126875780306.49991,120
601881,中国银河,上海证券交易所,沪深300,601881.SS,126729723815.49738,121
000792,盐湖股份,深圳证券交易所,沪深300,000792.SZ,126098173248.31505,122
600547,山东黄金,上海证券交易所,沪深300,600547.SS,125851072515.4029,123
600104,上汽集团,上海证券交易所,沪深300,600104.SS,125068620559.05011,124
001280,中国铀业,深圳证券交易所,沪深300,001280.SZ,124545911604.59601,125
600926,杭州银行,上海证券交易所,沪深300,600926.SS,124030438020.72003,126
600760,中航沈飞,上海证券交易所,沪深300,600760.SS,123687974102.56131,127
300857,协创数据,深圳证券交易所,中证500,300857.SZ,122908422918.50098,128
688361,中科飞测,上海证券交易所,中证500,688361.SS,122897716540.13828,129
600886,国投电力,上海证券交易所,沪深300,600886.SS,121988490720.79666,130
601111,中国国航,上海证券交易所,沪深300,601111.SS,121111032560.38333,131
601100,恒立液压,上海证券交易所,沪深300,601100.SS,121089540514.03125,132
000657,中钨高新,深圳证券交易所,沪深300,000657.SZ,120172565121.7289,133
603256,宏和科技,上海证券交易所,中证500,603256.SS,118229445600.92125,134
601169,北京银行,上海证券交易所,沪深300,601169.SS,117766426030.0438,135
601633,长城汽车,上海证券交易所,沪深300,601633.SS,117423263501.85147,136
688702,盛科通信,上海证券交易所,中证500,688702.SS,116813101501.46484,137
603019,中科曙光,上海证券交易所,沪深300,603019.SS,116346962232.09747,138
600584,长电科技,上海证券交易所,沪深300,600584.SS,115023566375.25604,139
600346,恒力石化,上海证券交易所,沪深300,600346.SS,113118331412.85722,140
688120,华海清科,上海证券交易所,中证500,688120.SS,112869283809.46619,141
002353,杰瑞股份,深圳证券交易所,沪深300,002353.SZ,112849391163.08401,142
600026,中远海能,上海证券交易所,沪深300,600026.SS,112488005863.74042,143
301165,锐捷网络,深圳证券交易所,沪深300,301165.SZ,112187724829.63608,144
600011,华能国际,上海证券交易所,沪深300,600011.SS,111341844129.48262,145
000408,藏格矿业,深圳证券交易所,沪深300,000408.SZ,110859522263.17743,146
301200,大族数控,深圳证券交易所,中证500,301200.SZ,109924046816.25697,147
000166,申万宏源,深圳证券交易所,沪深300,000166.SZ,109674960038.39424,148
300014,亿纬锂能,深圳证券交易所,沪深300,300014.SZ,108251923316.91916,149
601888,中国中免,上海证券交易所,沪深300,601888.SS,106881856513.94054,150
000568,泸州老窖,深圳证券交易所,沪深300,000568.SZ,106389035948.88528,151
600522,中天科技,上海证券交易所,沪深300,600522.SS,106245119833.62866,152
601390,中国中铁,上海证券交易所,沪深300,601390.SS,106220571852.97955,153
600489,中金黄金,上海证券交易所,沪深300,600489.SS,106156143302.49701,154
603296,华勤技术,上海证券交易所,沪深300,603296.SS,105890546722.54193,155
601868,中国能建,上海证券交易所,沪深300,601868.SS,105734042591.74992,156
300442,润泽科技,深圳证券交易所,沪深300,300442.SZ,105059501602.59106,157
600893,航发动力,上海证券交易所,沪深300,600893.SS,103584993715.62961,158
603501,豪威集团,上海证券交易所,沪深300,603501.SS,103403585993.10138,159
002602,世纪华通,深圳证券交易所,沪深300,002602.SZ,101715417449.44609,160
301526,国际复材,深圳证券交易所,中证500,301526.SZ,101700578365.30353,161
688111,金山办公,上海证券交易所,沪深300,688111.SS,101526140994.05663,162
600905,三峡能源,上海证券交易所,沪深300,600905.SS,100628527954.57385,163
300498,温氏股份,深圳证券交易所,沪深300,300498.SZ,100607410330.11823,164
002736,国信证券,深圳证券交易所,沪深300,002736.SZ,100369083941.45746,165
601727,上海电气,上海证券交易所,沪深300,601727.SS,100078384225.05289,166
688506,百利天恒,上海证券交易所,沪深300,688506.SS,99915463714.0,167
600015,华夏银行,上海证券交易所,沪深300,600015.SS,99786601190.80682,168
000100,TCL科技,深圳证券交易所,沪深300,000100.SZ,99636130327.64008,169
605117,德业股份,上海证券交易所,沪深300,605117.SS,99519731410.41821,170
601991,大唐发电,上海证券交易所,中证500,601991.SS,98270631717.27753,171
000977,浪潮信息,深圳证券交易所,沪深300,000977.SZ,96816666312.29352,172
002600,领益智造,深圳证券交易所,沪深300,002600.SZ,96469241329.57532,173
601800,中国交建,上海证券交易所,沪深300,601800.SS,96309891425.0203,174
601698,中国卫通,上海证券交易所,沪深300,601698.SS,95471111922.67514,175
600795,国电电力,上海证券交易所,沪深300,600795.SS,95242208619.37949,176
600010,包钢股份,上海证券交易所,沪深300,600010.SS,94522404979.53845,177
002028,思源电气,深圳证券交易所,沪深300,002028.SZ,94268776833.25276,178
601006,大秦铁路,上海证券交易所,沪深300,601006.SS,94150107221.46463,179
000988,华工科技,深圳证券交易所,沪深300,000988.SZ,92757624720.75,180
600585,海螺水泥,上海证券交易所,沪深300,600585.SS,92401322578.26318,181
603893,瑞芯微,上海证券交易所,沪深300,603893.SS,91217058172.69592,182
002460,赣锋锂业,深圳证券交易所,沪深300,002460.SZ,91059438605.58035,183
000807,云铝股份,深圳证券交易所,沪深300,000807.SZ,90860486656.84152,184
688183,生益电子,上海证券交易所,沪深300,688183.SS,90459853272.0,185
688521,芯原股份,上海证券交易所,沪深300,688521.SS,90289130216.7215,186
000538,云南白药,深圳证券交易所,沪深300,000538.SZ,89998203245.0082,187
600160,巨化股份,上海证券交易所,沪深300,600160.SS,89442590547.16992,188
300757,罗博特科,深圳证券交易所,中证500,300757.SZ,89418927218.5,189
002230,科大讯飞,深圳证券交易所,沪深300,002230.SZ,89405414651.46637,190
002648,卫星化学,深圳证券交易所,沪深300,002648.SZ,89302798012.92181,191
600029,南方航空,上海证券交易所,沪深300,600029.SS,89155176203.16034,192
000938,紫光股份,深圳证券交易所,沪深300,000938.SZ,88719679000.72067,193
688271,联影医疗,上海证券交易所,沪深300,688271.SS,88489845435.17752,194
600089,特变电工,上海证券交易所,沪深300,600089.SS,87514365787.73007,195
000301,东方盛虹,深圳证券交易所,沪深300,000301.SZ,85218788808.08653,196
601012,隆基绿能,上海证券交易所,沪深300,601012.SS,84950155438.1604,197
000425,徐工机械,深圳证券交易所,沪深300,000425.SZ,84320712999.06387,198
001389,广合科技,深圳证券交易所,中证500,001389.SZ,83511929525.41748,199
601825,沪农商行,上海证券交易所,沪深300,601825.SS,83038663360.29277,200
000617,中油资本,深圳证券交易所,沪深300,000617.SZ,82932038034.85443,201
300759,康龙化成,深圳证券交易所,中证500,300759.SZ,82622646993.93787,202
605499,东鹏饮料,上海证券交易所,沪深300,605499.SS,82413872547.5,203
002008,大族激光,深圳证券交易所,中证500,002008.SZ,82399159485.3999,204
000895,双汇发展,深圳证券交易所,沪深300,000895.SZ,81973883770.91466,205
601838,成都银行,上海证券交易所,沪深300,601838.SS,81844184460.79132,206
601127,赛力斯,上海证券交易所,沪深300,601127.SS,81768777544.58752,207
601186,中国铁建,上海证券交易所,沪深300,601186.SS,81748839570.9908,208
001309,德明利,深圳证券交易所,中证500,001309.SZ,81314093241.8454,209
002241,歌尔股份,深圳证券交易所,沪深300,002241.SZ,81088249865.9236,210
600674,川投能源,上海证券交易所,沪深300,600674.SS,81015969572.29285,211
601689,拓普集团,上海证券交易所,沪深300,601689.SS,80844111977.118,212
688002,睿创微纳,上海证券交易所,中证500,688002.SS,80735631763.373,213
002001,新和成,深圳证券交易所,沪深300,002001.SZ,79755294940.83466,214
600875,东方电气,上海证券交易所,沪深300,600875.SS,79680625077.26344,215
601916,浙商银行,上海证券交易所,沪深300,601916.SS,79098154716.51816,216
601669,中国电建,上海证券交易所,沪深300,601669.SS,78723551113.44623,217
000630,铜陵有色,深圳证券交易所,沪深300,000630.SZ,77506748141.21909,218
688126,沪硅产业,上海证券交易所,沪深300,688126.SS,77271444154.65399,219
601077,渝农商行,上海证券交易所,沪深300,601077.SS,76205470433.23517,220
600482,中国动力,上海证券交易所,沪深300,600482.SS,76008931984.50378,221
600039,四川路桥,上海证券交易所,沪深300,600039.SS,75912502350.3245,222
300661,圣邦股份,深圳证券交易所,沪深300,300661.SZ,75614104352.1048,223
688200,华峰测控,上海证券交易所,中证500,688200.SS,75217913958.0,224
600988,赤峰黄金,上海证券交易所,中证500,600988.SS,75180268811.49759,225
600115,中国东航,上海证券交易所,沪深300,600115.SS,75098306784.45071,226
688469,芯联集成,上海证券交易所,中证500,688469.SS,74270605465.95276,227
300015,爱尔眼科,深圳证券交易所,沪深300,300015.SZ,74210526754.69511,228
600958,东方证券,上海证券交易所,沪深300,600958.SS,73495978534.58704,229
300866,安克创新,深圳证券交易所,沪深300,300866.SZ,73460925615.38629,230
688396,华润微,上海证券交易所,沪深300,688396.SS,73184406441.31134,231
002202,金风科技,深圳证券交易所,沪深300,002202.SZ,72711819861.96448,232
300475,香农芯创,深圳证券交易所,中证500,300475.SZ,71952582954.34996,233
600436,片仔癀,上海证券交易所,沪深300,600436.SS,71191430780.0,234
000625,长安汽车,深圳证券交易所,沪深300,000625.SZ,70480759769.79568,235
600549,厦门钨业,上海证券交易所,沪深300,600549.SS,70028411753.84549,236
002179,中航光电,深圳证券交易所,沪深300,002179.SZ,70001212924.67583,237
600023,浙能电力,上海证券交易所,沪深300,600023.SS,69993582136.51591,238
688313,仕佳光子,上海证券交易所,中证500,688313.SS,69822846018.34607,239
002311,海大集团,深圳证券交易所,沪深300,002311.SZ,69594432474.0,240
002436,兴森科技,深圳证券交易所,中证500,002436.SZ,69584633335.07356,241
600048,保利发展,上海证券交易所,沪深300,600048.SS,69069458293.54192,242
002837,英维克,深圳证券交易所,沪深300,002837.SZ,68992852069.06947,243
601018,宁波港,上海证券交易所,沪深300,601018.SS,68673990491.87548,244
001979,招商蛇口,深圳证券交易所,沪深300,001979.SZ,68341523168.31133,245
002027,分众传媒,深圳证券交易所,沪深300,002027.SZ,68311604979.4431,246
001965,招商公路,深圳证券交易所,沪深300,001965.SZ,68290705965.661514,247
002821,凯莱英,深圳证券交易所,中证500,002821.SZ,68270756368.07251,248
600600,青岛啤酒,上海证券交易所,沪深300,600600.SS,68237040576.89897,249
002851,麦格米特,深圳证券交易所,中证500,002851.SZ,67697397721.803955,250
300620,光库科技,深圳证券交易所,中证500,300620.SZ,67398356549.17923,251
300223,君正股份,深圳证券交易所,中证500,300223.SZ,66506004650.034454,252
603799,华友钴业,上海证券交易所,沪深300,603799.SS,66273463095.0,253
688331,荣昌生物,上海证券交易所,中证500,688331.SS,66205959838.41257,254
000708,中信特钢,深圳证券交易所,沪深300,000708.SZ,66168253491.35545,255
688037,芯源微,上海证券交易所,中证500,688037.SS,66032118929.24707,256
600377,宁沪高速,上海证券交易所,中证500,600377.SS,65490717500.0,257
601298,青岛港,上海证券交易所,中证500,601298.SS,65300468723.77396,258
600118,中国卫星,上海证券交易所,沪深300,600118.SS,65072375655.58182,259
002422,科伦药业,深圳证券交易所,沪深300,002422.SZ,64983409919.46051,260
300548,长芯博创,深圳证券交易所,中证500,300548.SZ,64813304461.846725,261
300054,鼎龙股份,深圳证券交易所,中证500,300054.SZ,64395824528.527435,262
000768,中航西飞,深圳证券交易所,沪深300,000768.SZ,64287708654.78089,263
000703,恒逸石化,深圳证券交易所,中证500,000703.SZ,64264136040.374016,264
600196,复星医药,上海证券交易所,沪深300,600196.SS,64143713608.92554,265
002709,天赐材料,深圳证券交易所,沪深300,002709.SZ,63603127968.09918,266
688777,中控技术,上海证券交易所,中证500,688777.SS,63334724050.86882,267
000975,山金国际,深圳证券交易所,沪深300,000975.SZ,63102725077.94117,268
601788,光大证券,上海证券交易所,沪深300,601788.SS,63075576308.62072,269
300285,国瓷材料,深圳证券交易所,中证500,300285.SZ,62873867104.177475,270
601360,三六零,上海证券交易所,沪深300,601360.SS,62646041681.99029,271
601958,金钼股份,上海证券交易所,中证500,601958.SS,62499329935.874176,272
688036,传音控股,上海证券交易所,沪深300,688036.SS,61933727642.7159,273
300666,江丰电子,深圳证券交易所,中证500,300666.SZ,61480837533.86124,274
600233,圆通速递,上海证券交易所,沪深300,600233.SS,60932772976.8051,275
600415,小商品城,上海证券交易所,沪深300,600415.SS,60757835805.717636,276
688172,燕东微,上海证券交易所,中证500,688172.SS,60573836291.38447,277
601607,上海医药,上海证券交易所,沪深300,601607.SS,60149625995.650024,278
601238,广汽集团,上海证券交易所,沪深300,601238.SS,59550866411.94878,279
601179,中国西电,上海证券交易所,中证500,601179.SS,59511492346.887955,280
002466,天齐锂业,深圳证券交易所,沪深300,002466.SZ,59447626717.5,281
600803,新奥股份,上海证券交易所,沪深300,600803.SS,59427556415.83884,282
688187,时代电气,上海证券交易所,中证500,688187.SS,59349370144.70773,283
300454,深信服,深圳证券交易所,中证500,300454.SZ,59304844547.89177,284
600066,宇通客车,上海证券交易所,沪深300,600066.SS,59156454518.368576,285
600601,方正科技,上海证券交易所,中证500,600601.SS,58573405253.63708,286
300450,先导智能,深圳证券交易所,沪深300,300450.SZ,58497294604.76675,287
601808,中海油服,上海证券交易所,中证500,601808.SS,58308855514.15253,288
002409,雅克科技,深圳证券交易所,中证500,002409.SZ,57587249038.0,289
600027,华电国际,上海证券交易所,沪深300,600027.SS,57478279996.02984,290
002532,天山铝业,深圳证券交易所,沪深300,002532.SZ,56378023127.27856,291
600009,上海机场,上海证券交易所,沪深300,600009.SS,56186108253.35678,292
002304,洋河股份,深圳证券交易所,沪深300,002304.SZ,56115079006.5,293
000831,中国稀土,深圳证券交易所,中证500,000831.SZ,55958172667.32167,294
601901,方正证券,上海证券交易所,沪深300,601901.SS,55237400674.479744,295
603156,养元饮品,上海证券交易所,中证500,603156.SS,54985911550.70167,296
002185,华天科技,深圳证券交易所,中证500,002185.SZ,54758432119.94217,297
600372,中航机载,上海证券交易所,沪深300,600372.SS,54437587087.5,298
600292,电投水电,上海证券交易所,中证500,600292.SS,54406993794.358475,299
600219,南山铝业,上海证券交易所,沪深300,600219.SS,54088234780.95845,300
601233,桐昆股份,上海证券交易所,中证500,601233.SS,54074702778.67954,301
601877,正泰电器,上海证券交易所,沪深300,601877.SS,53616777590.733215,302
003031,中瓷电子,深圳证券交易所,中证500,003031.SZ,53603120111.7551,303
002074,国轩高科,深圳证券交易所,沪深300,002074.SZ,53534397589.0,304
600426,华鲁恒升,上海证券交易所,沪深300,600426.SS,53431393620.66601,305
600378,昊华科技,上海证券交易所,中证500,600378.SS,53147985328.191605,306
600105,永鼎股份,上海证券交易所,中证500,600105.SS,53011929066.61027,307
600221,海航控股,上海证券交易所,沪深300,600221.SS,52723072929.10916,308
601618,中国中冶,上海证券交易所,沪深300,601618.SS,52556711902.47737,309
301536,星宸科技,深圳证券交易所,中证500,301536.SZ,52119191319.47151,310
000021,深科技,深圳证券交易所,中证500,000021.SZ,52029018484.31723,311
600885,宏发股份,上海证券交易所,中证500,600885.SS,51890835425.736786,312
600438,通威股份,上海证券交易所,沪深300,600438.SS,51862937689.6479,313
000157,中联重科,深圳证券交易所,沪深300,000157.SZ,51631753544.38509,314
300418,昆仑万维,深圳证券交易所,沪深300,300418.SZ,51504193730.16884,315
300567,精测电子,深圳证券交易所,中证500,300567.SZ,51481811727.89215,316
600460,士兰微,上海证券交易所,沪深300,600460.SS,51170209233.75,317
600663,陆家嘴,上海证券交易所,中证500,600663.SS,50905401966.00717,318
000002,万科A,深圳证券交易所,沪深300,000002.SZ,50824825077.182686,319
002625,光启技术,深圳证券交易所,沪深300,002625.SZ,50783635249.811966,320
688234,天岳先进,上海证券交易所,中证500,688234.SS,50589329512.372314,321
600845,宝信软件,上海证券交易所,沪深300,600845.SS,50556325709.815475,322
601059,信达证券,上海证券交易所,沪深300,601059.SS,50461080000.0,323
688578,艾力斯,上海证券交易所,中证500,688578.SS,50211000823.97461,324
688017,绿的谐波,上海证券交易所,中证500,688017.SS,50186621718.75,325
300037,新宙邦,深圳证券交易所,中证500,300037.SZ,50148522659.813324,326
000960,锡业股份,深圳证券交易所,中证500,000960.SZ,50119855751.482056,327
002236,大华股份,深圳证券交易所,沪深300,002236.SZ,50085093975.98039,328
300628,亿联网络,深圳证券交易所,沪深300,300628.SZ,50030608834.210434,329
300395,菲利华,深圳证券交易所,中证500,300395.SZ,49902013660.80496,330
688009,中国通号,上海证券交易所,沪深300,688009.SS,49666251715.9543,331
300136,信维通信,深圳证券交易所,中证500,300136.SZ,49568540881.82223,332
600801,华新建材,上海证券交易所,中证500,600801.SS,49480094860.0522,333
000596,古井贡酒,深圳证券交易所,沪深300,000596.SZ,49450531613.15918,334
601377,兴业证券,上海证券交易所,沪深300,601377.SS,49397845509.777756,335
300751,迈为股份,深圳证券交易所,中证500,300751.SZ,49337718226.5188,336
600350,山东高速,上海证券交易所,中证500,600350.SS,49119238844.30304,337
002049,紫光国微,深圳证券交易所,沪深300,002049.SZ,48806366067.550735,338
000963,华东医药,深圳证券交易所,沪深300,000963.SZ,48560974257.71652,339
600741,华域汽车,上海证券交易所,沪深300,600741.SS,48488895234.72063,340
600498,烽火通信,上海证券交易所,中证500,600498.SS,48486580179.29956,341
601456,国联民生,上海证券交易所,沪深300,601456.SS,48244151276.61694,342
300570,太辰光,深圳证券交易所,中证500,300570.SZ,48230391593.72238,343
688019,安集科技,上海证券交易所,中证500,688019.SS,48183230573.0,344
002064,华峰化学,深圳证券交易所,中证500,002064.SZ,47888546712.98974,345
002414,高德红外,深圳证券交易所,中证500,002414.SZ,47746830990.76523,346
688629,华丰科技,上海证券交易所,中证500,688629.SS,47457640089.599625,347
601598,中国外运,上海证券交易所,中证500,601598.SS,47418496568.26912,348
300803,指南针,深圳证券交易所,沪深300,300803.SZ,47407614491.35913,349
002920,德赛西威,深圳证券交易所,沪深300,002920.SZ,47315040099.79303,350
300316,晶盛机电,深圳证券交易所,沪深300,300316.SZ,46986074035.093,351
001391,国货航,深圳证券交易所,沪深300,001391.SZ,46882102856.10332,352
301269,华大九天,深圳证券交易所,沪深300,301269.SZ,46383069706.056885,353
000039,中集集团,深圳证券交易所,中证500,000039.SZ,46375677368.083275,354
688385,复旦微电,上海证券交易所,中证500,688385.SS,46276547716.379166,355
603087,甘李药业,上海证券交易所,中证500,603087.SS,46241250792.209145,356
603659,璞泰来,上海证券交易所,中证500,603659.SS,45992752189.632706,357
300373,扬杰科技,深圳证券交易所,中证500,300373.SZ,45891153592.570244,358
603175,超颖电子,上海证券交易所,中证500,603175.SS,45647711244.742355,359
601399,国机重装,上海证券交易所,中证500,601399.SS,45445403482.876595,360
600497,驰宏锌锗,上海证券交易所,中证500,600497.SS,45161809319.95525,361
601699,潞安环能,上海证券交易所,中证500,601699.SS,45140365284.45282,362
603979,金诚信,上海证券交易所,中证500,603979.SS,45087726920.93445,363
600879,航天电子,上海证券交易所,中证500,600879.SS,44705506604.99141,364
002812,恩捷股份,深圳证券交易所,中证500,002812.SZ,44659804107.06945,365
002850,科达利,深圳证券交易所,中证500,002850.SZ,44610554050.41646,366
300058,蓝色光标,深圳证券交易所,中证500,300058.SZ,44411036167.12179,367
603129,春风动力,上海证券交易所,中证500,603129.SS,44058761572.06622,368
000783,长江证券,深圳证券交易所,中证500,000783.SZ,43908779523.553314,369
601665,齐鲁银行,上海证券交易所,中证500,601665.SS,43876897907.50139,370
601117,中国化学,上海证券交易所,沪深300,601117.SS,43776870412.357315,371
601058,赛轮轮胎,上海证券交易所,沪深300,601058.SS,43534446676.57358,372
301358,湖南裕能,深圳证券交易所,中证500,301358.SZ,42971516579.83773,373
600642,申能股份,上海证券交易所,中证500,600642.SS,42970015614.419815,374
600918,中泰证券,上海证券交易所,沪深300,600918.SS,42917408802.441475,375
002558,巨人网络,深圳证券交易所,沪深300,002558.SZ,42762644347.5,376
600985,淮北矿业,上海证券交易所,中证500,600985.SS,42742015403.611,377
600256,广汇能源,上海证券交易所,中证500,600256.SS,42634660257.551125,378
601198,东兴证券,上海证券交易所,中证500,601198.SS,42215738491.200005,379
601212,白银有色,上海证券交易所,中证500,601212.SS,41836976693.324326,380
002966,苏州银行,深圳证券交易所,中证500,002966.SZ,41577157555.01111,381
688099,晶晨股份,上海证券交易所,中证500,688099.SS,40977376807.8701,382
600352,浙江龙盛,上海证券交易所,中证500,600352.SS,40959448613.819046,383
300390,天华新能,深圳证券交易所,中证500,300390.SZ,40781556309.68251,384
601878,浙商证券,上海证券交易所,沪深300,601878.SS,40679086110.80966,385
300207,欣旺达,深圳证券交易所,中证500,300207.SZ,40644173812.0,386
600685,中船防务,上海证券交易所,中证500,600685.SS,40581766818.27626,387
601555,东吴证券,上海证券交易所,中证500,601555.SS,40395554633.432915,388
000999,华润三九,深圳证券交易所,沪深300,000999.SZ,40257430873.80823,389
600901,江苏金租,上海证券交易所,中证500,600901.SS,40195553362.55325,390
601021,春秋航空,上海证券交易所,沪深300,601021.SS,39876868679.37984,391
600968,海油发展,上海证券交易所,中证500,600968.SS,39847209235.615906,392
600871,石化油服,上海证券交易所,中证500,600871.SS,39809794441.41523,393
688188,柏楚电子,上海证券交易所,中证500,688188.SS,39732453388.775116,394
002203,海亮股份,深圳证券交易所,中证500,002203.SZ,39693200646.291794,395
600061,国投资本,上海证券交易所,沪深300,600061.SS,39579465580.74321,396
300832,新产业,深圳证券交易所,沪深300,300832.SZ,39576654361.21179,397
688213,思特威,上海证券交易所,中证500,688213.SS,39377786032.03144,398
688047,龙芯中科,上海证券交易所,沪深300,688047.SS,39338099388.12256,399
300413,芒果超媒,深圳证券交易所,沪深300,300413.SZ,39285137115.0,400
688223,晶科能源,上海证券交易所,沪深300,688223.SS,39218015737.28358,401
688387,信科移动,上海证券交易所,中证500,688387.SS,39178875130.41496,402
002078,太阳纸业,深圳证券交易所,中证500,002078.SZ,39102335585.907394,403
601577,长沙银行,上海证券交易所,中证500,601577.SS,39049287104.7501,404
600909,华安证券,上海证券交易所,中证500,600909.SS,39038105994.23081,405
000878,云南铜业,深圳证券交易所,中证500,000878.SZ,38899954221.9223,406
002138,顺络电子,深圳证券交易所,中证500,002138.SZ,38896798750.338585,407
300919,中伟新材,深圳证券交易所,中证500,300919.SZ,38895923487.98186,408
600177,雅戈尔,上海证券交易所,中证500,600177.SS,38744443667.87093,409
688052,纳芯微,上海证券交易所,中证500,688052.SS,38639561168.588196,410
603049,中策橡胶,上海证券交易所,中证500,603049.SS,38442386087.46452,411
603650,彤程新材,上海证券交易所,中证500,603650.SS,38381137852.77617,412
601216,君正集团,上海证券交易所,中证500,601216.SS,38308598628.71518,413
688375,国博电子,上海证券交易所,中证500,688375.SS,38156871897.21756,414
601136,首创证券,上海证券交易所,沪深300,601136.SS,37966007420.41569,415
600995,南网储能,上海证券交易所,中证500,600995.SS,37904627750.03848,416
601108,财通证券,上海证券交易所,中证500,601108.SS,37846715497.04271,417
002945,华林证券,深圳证券交易所,中证500,002945.SZ,37745998764.038086,418
688220,翱捷科技,上海证券交易所,中证500,688220.SS,37739106716.2012,419
600021,上海电力,上海证券交易所,中证500,600021.SS,37389854416.25,420
603260,合盛硅业,上海证券交易所,沪深300,603260.SS,37298628086.59769,421
300017,网宿科技,深圳证券交易所,中证500,300017.SZ,37185702225.27181,422
688336,三生国健,上海证券交易所,中证500,688336.SS,37130619796.976295,423
000921,海信家电,深圳证券交易所,中证500,000921.SZ,37086583110.288704,424
600863,华能蒙电,上海证券交易所,中证500,600863.SS,36982093079.31181,425
000983,山西焦煤,深圳证券交易所,中证500,000983.SZ,36787614970.60211,426
600570,恒生电子,上海证券交易所,沪深300,600570.SS,36736769352.43063,427
301611,珂玛科技,深圳证券交易所,中证500,301611.SZ,36667599334.7168,428
688180,君实生物,上海证券交易所,中证500,688180.SS,36582666683.46405,429
600295,鄂尔多斯,上海证券交易所,中证500,600295.SS,36552019051.65325,430
301236,软通动力,深圳证券交易所,沪深300,301236.SZ,36469717860.527954,431
300001,特锐德,深圳证券交易所,中证500,300001.SZ,36387699061.14931,432
688728,格科微,上海证券交易所,中证500,688728.SS,36278183508.62746,433
002155,湖南黄金,深圳证券交易所,中证500,002155.SZ,36253511723.40834,434
000559,万向钱潮,深圳证券交易所,中证500,000559.SZ,36186458367.30377,435
600707,彩虹股份,上海证券交易所,中证500,600707.SS,36170968224.78759,436
603806,福斯特,上海证券交易所,中证500,603806.SS,36157214534.07824,437
000987,越秀资本,深圳证券交易所,中证500,000987.SZ,36123352769.457924,438
600699,均胜电子,上海证券交易所,中证500,600699.SS,35938760813.56851,439
601162,天风证券,上海证券交易所,中证500,601162.SS,35863386860.16194,440
002429,兆驰股份,深圳证券交易所,中证500,002429.SZ,35853369952.81816,441
600060,海信视像,上海证券交易所,中证500,600060.SS,35821489367.91482,442
001286,陕西能源,深圳证券交易所,中证500,001286.SZ,35437499284.74426,443
600392,盛和资源,上海证券交易所,中证500,600392.SS,35354512050.63005,444
002831,裕同科技,深圳证券交易所,中证500,002831.SZ,35158554960.912285,445
688617,惠泰医疗,上海证券交易所,中证500,688617.SS,35134614466.5,446
002407,多氟多,深圳证券交易所,中证500,002407.SZ,35105856187.341606,447
002252,上海莱士,深圳证券交易所,中证500,002252.SZ,35073020879.9073,448
002601,龙佰集团,深圳证券交易所,中证500,002601.SZ,35072288994.711845,449
605358,立昂微,上海证券交易所,中证500,605358.SS,35026964030.593094,450
603369,今世缘,上海证券交易所,沪深300,603369.SS,35022613229.576584,451
600578,京能电力,上海证券交易所,中证500,600578.SS,34878975743.529526,452
688322,奥比中光,上海证券交易所,中证500,688322.SS,34843252010.73581,453
601880,辽港股份,上海证券交易所,中证500,601880.SS,34650498477.50367,454
603392,万泰生物,上海证券交易所,沪深300,603392.SS,34568499454.29103,455
002487,大金重工,深圳证券交易所,中证500,002487.SZ,34258574627.77883,456
002517,恺英网络,深圳证券交易所,中证500,002517.SZ,34204456665.33305,457
300346,南大光电,深圳证券交易所,中证500,300346.SZ,34177709380.66087,458
001203,大中矿业,深圳证券交易所,中证500,001203.SZ,34157033144.482796,459
300487,蓝晓科技,深圳证券交易所,中证500,300487.SZ,34127711157.260162,460
600143,金发科技,上海证券交易所,中证500,600143.SS,34111287762.029438,461
688303,大全能源,上海证券交易所,沪深300,688303.SS,34097760091.792572,462
000893,亚钾国际,深圳证券交易所,中证500,000893.SZ,34042045870.07902,463
002273,水晶光电,深圳证券交易所,中证500,002273.SZ,33931425661.91591,464
688027,国盾量子,上海证券交易所,中证500,688027.SS,33788809213.988037,465
688122,西部超导,上海证券交易所,中证500,688122.SS,33743573082.001583,466
603699,纽威股份,上海证券交易所,中证500,603699.SS,33680692177.148262,467
002195,岩山科技,深圳证券交易所,中证500,002195.SZ,33545933784.642906,468
300122,智飞生物,深圳证券交易所,沪深300,300122.SZ,33465179567.270016,469
300677,英科医疗,深圳证券交易所,中证500,300677.SZ,33366225683.035484,470
300748,金力永磁,深圳证券交易所,中证500,300748.SZ,33319299882.157608,471
600562,国睿科技,上海证券交易所,中证500,600562.SS,33294208027.17636,472
601236,红塔证券,上海证券交易所,中证500,601236.SS,32899569353.255947,473
600085,同仁堂,上海证券交易所,沪深300,600085.SS,32558703705.97537,474
600298,安琪酵母,上海证券交易所,中证500,600298.SS,32517054251.7153,475
002472,双环传动,深圳证券交易所,中证500,002472.SZ,32376412217.979355,476
300251,光线传媒,深圳证券交易所,沪深300,300251.SZ,32181465882.392624,477
600141,兴发集团,上海证券交易所,中证500,600141.SS,32140918467.450493,478
000739,普洛药业,深圳证券交易所,中证500,000739.SZ,32135224533.093307,479
600332,白云山,上海证券交易所,中证500,600332.SS,32060596397.93795,480
002444,巨星科技,深圳证券交易所,中证500,002444.SZ,32059794587.142906,481
601866,中远海发,上海证券交易所,中证500,601866.SS,32042219148.222313,482
688295,中复神鹰,上海证券交易所,中证500,688295.SS,32039998626.708984,483
600348,华阳股份,上海证券交易所,中证500,600348.SS,32034600412.84561,484
603920,世运电路,上海证券交易所,中证500,603920.SS,31994299974.336617,485
300458,全志科技,深圳证券交易所,中证500,300458.SZ,31975250194.054054,486
002032,苏泊尔,深圳证券交易所,中证500,002032.SZ,31838196893.225433,487
000728,国元证券,深圳证券交易所,中证500,000728.SZ,31637389709.75,488
600157,永泰能源,上海证券交易所,中证500,600157.SS,31635759050.602066,489
002841,视源股份,深圳证券交易所,中证500,002841.SZ,31589248316.4748,490
002244,滨江集团,深圳证券交易所,中证500,002244.SZ,31550042112.829483,491
600588,用友网络,上海证券交易所,沪深300,600588.SS,31504717023.416748,492
002056,横店东磁,深圳证券交易所,中证500,002056.SZ,31444344266.311718,493
600515,海南机场,上海证券交易所,沪深300,600515.SS,31419601408.25,494
600737,中粮糖业,上海证券交易所,中证500,600737.SS,31355514696.11766,495
600711,盛屯矿业,上海证券交易所,中证500,600711.SS,31338802188.21727,496
002340,格林美,深圳证券交易所,中证500,002340.SZ,31175418209.94851,497
002939,长城证券,深圳证券交易所,中证500,002939.SZ,31145775253.86354,498
000883,湖北能源,深圳证券交易所,中证500,000883.SZ,31078510750.49978,499
000729,燕京啤酒,深圳证券交易所,中证500,000729.SZ,31003932751.0,500
